{"stats":{"minecraft:used":{"minecraft:cooked_mutton":2,"wom:satsujin":171,"epicfight:skillbook":1,"minecraft:stone_pickaxe":154,"minecraft:wooden_pickaxe":10,"minecraft:blue_bed":1,"iceandfire:armor_sapphire_boots":1,"minecraft:rotten_flesh":1,"minecraft:torch":16,"minecraft:dirt":2,"minecraft:crafting_table":7,"minecraft:chicken":1,"minecraft:bread":7,"minecraft:iron_pickaxe":89,"iceandfire:ice_dragon_flesh":1,"minecraft:stone_bricks":1,"minecraft:stone_axe":49,"minecraft:wooden_sword":9,"alexsmobs:cooked_moose_ribs":2,"minecraft:beef":1,"minecraft:furnace":4,"minecraft:porkchop":2,"minecraft:cobweb":2},"minecraft:killed_by":{"iceandfire:ice_dragon":3,"iceandfire:ghost":1,"alexsmobs:bison":1,"alexsmobs:tusklin":1},"minecraft:mined":{"iceandfire:silver_ore":1,"minecraft:smoker":1,"iceandfire:frozen_cobblestone":11,"minecraft:crafting_table":6,"iceandfire:frozen_stone":10,"minecraft:grass_block":7,"minecraft:copper_ore":5,"minecraft:cobblestone":2,"minecraft:spruce_leaves":3,"minecraft:sugar_cane":1,"minecraft:cartography_table":1,"minecraft:diorite":7,"minecraft:blue_bed":1,"minecraft:skeleton_skull":1,"minecraft:large_fern":3,"minecraft:furnace":4,"minecraft:iron_ore":8,"minecraft:spruce_log":34,"minecraft:andesite":1,"minecraft:stripped_spruce_log":1,"minecraft:gold_block":1,"minecraft:coal_ore":98,"minecraft:lantern":3,"minecraft:dirt":5,"minecraft:cobweb":2,"minecraft:cracked_stone_bricks":1,"minecraft:stone_bricks":1,"minecraft:stone":96},"minecraft:dropped":{"iceandfire:raw_silver":1,"minecraft:wheat_seeds":5,"wom:herrscher":1,"wom:ender_blaster":2,"minecraft:chicken":2,"wom:moonless":1,"minecraft:rotten_flesh":7,"wom:ruine":1,"wom:gesetz":1,"minecraft:bow":1,"epicfight:skillbook":1},"minecraft:custom":{"minecraft:interact_with_furnace":18,"minecraft:mob_kills":33,"minecraft:interact_with_crafting_table":14,"minecraft:bell_ring":1,"minecraft:leave_game":2,"minecraft:time_since_death":6212,"minecraft:sleep_in_bed":2,"minecraft:climb_one_cm":421,"minecraft:time_since_rest":779,"minecraft:sprint_one_cm":249730,"minecraft:damage_taken":2183,"minecraft:walk_one_cm":293688,"minecraft:trigger_trapped_chest":3,"minecraft:drop":18,"minecraft:damage_dealt":8412,"minecraft:fly_one_cm":496761,"minecraft:open_chest":3,"minecraft:crouch_one_cm":2503,"minecraft:play_time":56258,"minecraft:deaths":6,"minecraft:sneak_time":669,"minecraft:jump":1069,"minecraft:total_world_time":56258,"minecraft:fall_one_cm":23046},"minecraft:killed":{"minecraft:pig":1,"alexsmobs:seal":3,"minecraft:spider":1,"minecraft:creeper":2,"minecraft:skeleton":2,"minecraft:sheep":1,"iceandfire:ghost":2,"minecraft:zombie":4,"minecraft:chicken":2,"alexsmobs:moose":1,"alexsmobs:bison":6,"alexsmobs:crow":3,"alexsmobs:tusklin":2,"minecraft:cow":2,"minecraft:enderman":1},"minecraft:broken":{"minecraft:stone_pickaxe":1},"minecraft:crafted":{"minecraft:wooden_sword":1,"sophisticatedbackpacks:backpack":1,"minecraft:crafting_table":2,"minecraft:spruce_planks":40,"minecraft:wooden_pickaxe":1,"alexsmobs:cooked_moose_ribs":2,"minecraft:furnace":1,"minecraft:stone_axe":1,"minecraft:cooked_mutton":2,"minecraft:air":0,"minecraft:shield":1,"minecraft:stick":24,"minecraft:iron_ingot":6,"minecraft:iron_pickaxe":1,"minecraft:stone_pickaxe":3,"minecraft:chest":1,"iceandfire:armor_sapphire_boots":1,"minecraft:torch":40},"minecraft:picked_up":{"minecraft:crafting_table":6,"minecraft:chicken":3,"minecraft:andesite":1,"minecraft:leather":4,"minecraft:smoker":1,"alexsmobs:bison_fur":5,"minecraft:gold_block":1,"iceandfire:frozen_cobblestone":6,"minecraft:gunpowder":2,"iceandfire:frozen_stone":9,"minecraft:raw_copper":16,"minecraft:dirt":9,"minecraft:blue_bed":1,"minecraft:string":6,"minecraft:lantern":3,"minecraft:stone_bricks":1,"minecraft:bow":1,"minecraft:wheat_seeds":6,"minecraft:cartography_table":1,"minecraft:spruce_planks":7,"minecraft:beef":36,"minecraft:sugar_cane":13,"minecraft:furnace":4,"minecraft:stick":4,"minecraft:raw_iron":8,"iceandfire:dragonbone":21,"iceandfire:dragonscales_sapphire":4,"minecraft:gravel":1,"epicfight:skillbook":1,"minecraft:porkchop":11,"minecraft:spruce_sapling":3,"minecraft:diorite":7,"minecraft:spruce_log":38,"iceandfire:dragon_skull_ice":1,"minecraft:arrow":1,"minecraft:rotten_flesh":8,"alexsmobs:moose_ribs":2,"iceandfire:ice_dragon_flesh":1,"minecraft:skeleton_skull":1,"minecraft:mutton":2,"minecraft:coal":202,"minecraft:white_wool":1,"iceandfire:raw_silver":1,"minecraft:cobblestone":96,"minecraft:ender_pearl":1}},"DataVersion":3465}