{"stats":{"minecraft:dropped":{"minecraft:stone_sword":1,"minecraft:wooden_pickaxe":1},"minecraft:custom":{"minecraft:mob_kills":15,"minecraft:interact_with_crafting_table":4,"minecraft:eat_cake_slice":7,"minecraft:time_since_death":3108,"minecraft:time_since_rest":3133,"minecraft:sprint_one_cm":108328,"minecraft:damage_taken":1785,"minecraft:walk_one_cm":242426,"minecraft:drop":2,"minecraft:damage_dealt":2570,"minecraft:swim_one_cm":5590,"minecraft:fly_one_cm":182509,"minecraft:crouch_one_cm":4142,"minecraft:play_time":27177,"minecraft:deaths":6,"minecraft:sneak_time":500,"minecraft:walk_under_water_one_cm":1844,"minecraft:jump":584,"minecraft:walk_on_water_one_cm":13531,"minecraft:total_world_time":27177,"minecraft:fall_one_cm":12447},"minecraft:used":{"minecraft:stone_sword":54,"minecraft:red_sand":2,"minecraft:stone_pickaxe":47,"minecraft:wooden_pickaxe":4,"minecraft:rotten_flesh":4,"minecraft:torch":6,"minecraft:crafting_table":3,"biomesoplenty:dead_planks":33,"minecraft:cake":1,"minecraft:stone_axe":53},"minecraft:killed":{"minecraft:cave_spider":2,"minecraft:zombie_villager":1,"minecraft:spider":3,"alexsmobs:emu":2,"minecraft:skeleton":3,"minecraft:zombie":1,"alexsmobs:gazelle":2},"minecraft:picked_up":{"minecraft:crafting_table":3,"minecraft:feather":1,"biomesoplenty:dried_salt":2,"minecraft:andesite":3,"biomesoplenty:dead_log":15,"skilltree:gem":5,"alexsmobs:gazelle_horn":1,"minecraft:string":6,"minecraft:dirt":16,"minecraft:orange_terracotta":3,"minecraft:bone":5,"minecraft:red_sand":2,"minecraft:iron_ingot":1,"minecraft:sugar_cane":22,"minecraft:raw_iron":1,"minecraft:stick":8,"minecraft:torch":6,"biomesoplenty:dead_planks":7,"minecraft:spider_eye":1,"minecraft:stone_sword":1,"minecraft:arrow":6,"minecraft:rotten_flesh":4,"minecraft:mutton":2,"minecraft:coal":23,"iceandfire:raw_silver":2,"minecraft:cobblestone":11},"minecraft:crafted":{"biomesoplenty:dead_planks":60,"minecraft:crafting_table":1,"minecraft:wooden_pickaxe":1,"minecraft:stone_axe":1,"minecraft:stick":12,"minecraft:stone_pickaxe":1,"minecraft:stone_sword":1,"minecraft:torch":4},"minecraft:mined":{"iceandfire:silver_ore":2,"minecraft:orange_terracotta":3,"minecraft:crafting_table":3,"minecraft:torch":6,"minecraft:red_sand":2,"minecraft:dead_bush":5,"biomesoplenty:dried_salt":2,"minecraft:sugar_cane":10,"minecraft:iron_ore":1,"minecraft:andesite":3,"biomesoplenty:hanging_cobweb":1,"minecraft:grass":2,"biomesoplenty:dead_log":15,"minecraft:coal_ore":23,"biomesoplenty:webbing":4,"biomesoplenty:stringy_cobweb":4,"minecraft:cobweb":1,"biomesoplenty:dead_planks":7,"minecraft:stone":12,"biomesoplenty:spider_egg":2},"minecraft:killed_by":{"minecraft:skeleton":4,"minecraft:zombie":1,"alexsmobs:emu":1}},"DataVersion":3465}