{"stats":{"minecraft:used":{"wom:satsujin":332,"minecraft:shield":42,"minecraft:iron_sword":16,"minecraft:rotten_flesh":1,"minecraft:torch":28,"minecraft:dirt":2,"minecraft:granite":11,"minecraft:stone_bricks":1,"minecraft:beef":5,"minecraft:furnace":4,"iceandfire:frozen_cobblestone":11,"minecraft:cobbled_deepslate":12,"minecraft:cooked_mutton":2,"epicfight:skillbook":1,"minecraft:stone_pickaxe":154,"minecraft:wooden_pickaxe":10,"minecraft:blue_bed":1,"iceandfire:armor_sapphire_boots":1,"minecraft:crafting_table":8,"minecraft:chicken":1,"minecraft:bread":7,"minecraft:iron_pickaxe":218,"iceandfire:ice_dragon_flesh":1,"minecraft:stone_axe":49,"alexsmobs:cooked_moose_ribs":2,"minecraft:wooden_sword":9,"minecraft:cobblestone":64,"minecraft:porkchop":6,"minecraft:cobweb":2},"minecraft:killed_by":{"minecraft:player":2,"alexsmobs:bison":1,"alexsmobs:tusklin":1,"iceandfire:ice_dragon":38,"iceandfire:ghost":1,"iceandfire:troll":1},"minecraft:mined":{"iceandfire:silver_ore":1,"minecraft:deepslate_diamond_ore":2,"iceandfire:frozen_cobblestone":22,"minecraft:granite":11,"iceandfire:frozen_stone":20,"minecraft:grass_block":7,"minecraft:spruce_leaves":3,"minecraft:cartography_table":1,"minecraft:large_fern":3,"minecraft:furnace":4,"minecraft:iron_ore":8,"minecraft:andesite":1,"minecraft:stripped_spruce_log":1,"minecraft:gold_block":1,"minecraft:deepslate_iron_ore":6,"minecraft:lantern":3,"minecraft:stone":109,"minecraft:deepslate_redstone_ore":8,"minecraft:smoker":1,"minecraft:crafting_table":6,"iceandfire:dragon_ice_spikes":4,"minecraft:copper_ore":5,"minecraft:cobblestone":2,"minecraft:sugar_cane":1,"minecraft:diorite":20,"minecraft:blue_bed":1,"minecraft:skeleton_skull":1,"samurai_dynasty:deepslate_silver_ore":23,"samurai_dynasty:deepslate_jade_ore":2,"minecraft:spruce_log":34,"minecraft:coal_ore":101,"minecraft:dirt":5,"minecraft:cobweb":3,"minecraft:cracked_stone_bricks":1,"minecraft:stonecutter":1,"minecraft:stone_bricks":1,"minecraft:deepslate":22},"minecraft:custom":{"minecraft:mob_kills":53,"minecraft:interact_with_crafting_table":17,"minecraft:open_barrel":1,"minecraft:bell_ring":1,"minecraft:leave_game":2,"minecraft:time_since_death":1733,"minecraft:climb_one_cm":421,"minecraft:sprint_one_cm":344801,"minecraft:walk_one_cm":440215,"minecraft:damage_blocked_by_shield":309,"minecraft:drop":34,"minecraft:play_time":92258,"minecraft:deaths":47,"minecraft:sneak_time":1750,"minecraft:jump":2242,"minecraft:walk_on_water_one_cm":385,"minecraft:total_world_time":92258,"minecraft:interact_with_furnace":18,"minecraft:sleep_in_bed":2,"minecraft:time_since_rest":1752,"minecraft:damage_taken":13149,"minecraft:trigger_trapped_chest":3,"minecraft:damage_dealt":15898,"minecraft:fly_one_cm":757700,"minecraft:open_chest":20,"minecraft:crouch_one_cm":8252,"minecraft:fall_one_cm":74366},"minecraft:dropped":{"minecraft:iron_ingot":36,"iceandfire:raw_silver":1,"minecraft:porkchop":5,"minecraft:wheat_seeds":5,"wom:herrscher":1,"minecraft:diamond_leggings":1,"wom:moonless":1,"minecraft:stick":5,"wom:ruine":1,"minecraft:dirt":3,"minecraft:iron_leggings":1,"minecraft:wooden_sword":1,"wom:netherite_greataxe":1,"minecraft:raw_copper":16,"wom:ender_blaster":2,"minecraft:chicken":2,"minecraft:rotten_flesh":10,"minecraft:iron_boots":1,"wom:gesetz":1,"minecraft:spruce_log":13,"minecraft:bow":1,"epicfight:skillbook":1},"minecraft:killed":{"minecraft:spider":4,"alexsmobs:snow_leopard":1,"minecraft:skeleton":2,"minecraft:chicken":2,"alexsmobs:bison":6,"alexsmobs:tusklin":2,"minecraft:pig":1,"iceandfire:troll":1,"alexsmobs:seal":3,"minecraft:creeper":7,"minecraft:sheep":1,"minecraft:zombie":14,"iceandfire:ghost":2,"alexsmobs:moose":1,"alexsmobs:crow":3,"minecraft:enderman":1,"minecraft:cow":2},"minecraft:broken":{"minecraft:iron_chestplate":1,"minecraft:iron_leggings":1,"minecraft:stone_pickaxe":1,"minecraft:shield":1,"iceandfire:armor_sapphire_boots":1},"minecraft:crafted":{"minecraft:wooden_sword":1,"minecraft:furnace":1,"minecraft:cooked_mutton":2,"minecraft:stone_pickaxe":3,"minecraft:chest":1,"sophisticatedbackpacks:iron_backpack":1,"sophisticatedbackpacks:backpack":1,"minecraft:crafting_table":3,"minecraft:spruce_planks":104,"minecraft:wooden_pickaxe":1,"alexsmobs:cooked_moose_ribs":2,"sophisticatedbackpacks:gold_backpack":1,"minecraft:stone_axe":1,"minecraft:air":0,"minecraft:shield":1,"minecraft:stick":24,"minecraft:iron_ingot":6,"minecraft:iron_pickaxe":1,"minecraft:gold_ingot":9,"iceandfire:armor_sapphire_boots":1,"minecraft:torch":40},"minecraft:picked_up":{"minecraft:crafting_table":6,"minecraft:chicken":3,"minecraft:gold_block":1,"iceandfire:frozen_cobblestone":14,"minecraft:string":6,"iceandfire:frozen_stone":16,"minecraft:raw_copper":16,"minecraft:cartography_table":1,"minecraft:cobbled_deepslate":17,"minecraft:spruce_planks":7,"minecraft:beef":36,"iceandfire:dread_shard":1,"samurai_dynasty:raw_silver":23,"minecraft:enchanted_golden_apple":1,"minecraft:sugar_cane":13,"iceandfire:ice_dragon_heart":1,"minecraft:furnace":4,"minecraft:raw_iron":14,"minecraft:stick":4,"iceandfire:dragonbone":23,"iceandfire:troll_tusk":1,"minecraft:torch":2,"iceandfire:dragonscales_white":6,"epicfight:skillbook":1,"minecraft:porkchop":11,"minecraft:diorite":20,"minecraft:redstone":31,"iceandfire:dragon_skull_ice":1,"minecraft:arrow":1,"minecraft:rotten_flesh":11,"minecraft:diamond_boots":1,"minecraft:mutton":2,"minecraft:skeleton_skull":1,"minecraft:white_wool":1,"minecraft:cobblestone":111,"minecraft:andesite":1,"minecraft:leather":4,"samurai_dynasty:jade":2,"minecraft:smoker":1,"alexsmobs:bison_fur":5,"minecraft:gunpowder":7,"minecraft:blue_bed":2,"minecraft:dirt":9,"minecraft:lantern":3,"minecraft:bone":4,"minecraft:stone_bricks":1,"minecraft:stonecutter":1,"minecraft:bow":1,"minecraft:wheat_seeds":6,"minecraft:iron_ingot":36,"wom:agony":1,"iceandfire:dragonscales_sapphire":4,"minecraft:gravel":1,"minecraft:spruce_sapling":3,"minecraft:spruce_log":39,"minecraft:spider_eye":1,"minecraft:diamond":2,"minecraft:granite":11,"iceandfire:ice_dragon_flesh":7,"alexsmobs:moose_ribs":2,"iceandfire:silver_nugget":208,"minecraft:coal":205,"iceandfire:raw_silver":1,"minecraft:ender_pearl":1}},"DataVersion":3465}