{"stats":{"minecraft:used":{"minecraft:cooked_mutton":2,"wom:satsujin":46,"minecraft:chicken":1,"minecraft:stone_pickaxe":154,"minecraft:iron_pickaxe":2,"minecraft:wooden_pickaxe":10,"alexsmobs:cooked_moose_ribs":2,"minecraft:stone_axe":30,"minecraft:torch":13,"minecraft:dirt":1,"minecraft:crafting_table":5,"minecraft:furnace":4},"minecraft:dropped":{"wom:herrscher":1,"wom:gesetz":1,"wom:ender_blaster":2,"minecraft:chicken":2,"wom:moonless":1,"wom:ruine":1},"minecraft:killed_by":{"iceandfire:ice_dragon":3},"minecraft:custom":{"minecraft:time_since_rest":2898,"minecraft:interact_with_furnace":14,"minecraft:sprint_one_cm":129734,"minecraft:damage_taken":952,"minecraft:walk_one_cm":184921,"minecraft:mob_kills":9,"minecraft:drop":8,"minecraft:damage_dealt":2211,"minecraft:interact_with_crafting_table":8,"minecraft:fly_one_cm":208242,"minecraft:crouch_one_cm":140,"minecraft:play_time":33785,"minecraft:deaths":3,"minecraft:sneak_time":37,"minecraft:jump":514,"minecraft:leave_game":1,"minecraft:time_since_death":2870,"minecraft:total_world_time":33785,"minecraft:fall_one_cm":8887},"minecraft:mined":{"minecraft:large_fern":2,"minecraft:furnace":4,"iceandfire:silver_ore":1,"minecraft:iron_ore":6,"minecraft:spruce_log":26,"minecraft:crafting_table":5,"minecraft:grass_block":5,"minecraft:coal_ore":98,"minecraft:spruce_leaves":2,"minecraft:stone":57,"minecraft:sugar_cane":1},"minecraft:killed":{"minecraft:sheep":1,"minecraft:chicken":2,"alexsmobs:moose":1,"alexsmobs:seal":3,"minecraft:spider":1,"minecraft:enderman":1},"minecraft:broken":{"minecraft:stone_pickaxe":1},"minecraft:crafted":{"minecraft:shield":1,"minecraft:crafting_table":1,"minecraft:spruce_planks":28,"minecraft:stick":24,"minecraft:iron_pickaxe":1,"minecraft:iron_ingot":6,"minecraft:wooden_pickaxe":1,"minecraft:stone_pickaxe":3,"alexsmobs:cooked_moose_ribs":2,"minecraft:furnace":1,"minecraft:torch":40,"minecraft:stone_axe":1,"minecraft:air":0,"minecraft:cooked_mutton":2},"minecraft:picked_up":{"minecraft:raw_iron":6,"minecraft:crafting_table":5,"minecraft:chicken":3,"minecraft:gravel":1,"minecraft:spruce_log":27,"minecraft:string":2,"minecraft:dirt":5,"minecraft:wheat_seeds":2,"alexsmobs:moose_ribs":2,"minecraft:ender_pearl":1,"iceandfire:raw_silver":1,"minecraft:sugar_cane":13,"minecraft:mutton":2,"minecraft:coal":202,"minecraft:furnace":4,"minecraft:white_wool":1,"minecraft:cobblestone":56}},"DataVersion":3465}