{"stats":{"minecraft:used":{"minecraft:cooked_mutton":2,"wom:satsujin":98,"epicfight:skillbook":1,"minecraft:stone_pickaxe":154,"minecraft:wooden_pickaxe":10,"iceandfire:armor_sapphire_boots":1,"minecraft:rotten_flesh":1,"minecraft:torch":15,"minecraft:dirt":1,"minecraft:crafting_table":6,"minecraft:chicken":1,"minecraft:bread":2,"minecraft:iron_pickaxe":9,"iceandfire:ice_dragon_flesh":1,"minecraft:stone_axe":44,"alexsmobs:cooked_moose_ribs":2,"minecraft:furnace":4,"minecraft:porkchop":2},"minecraft:killed_by":{"iceandfire:ice_dragon":3},"minecraft:mined":{"iceandfire:silver_ore":1,"minecraft:smoker":1,"minecraft:crafting_table":5,"minecraft:grass_block":6,"minecraft:spruce_leaves":3,"minecraft:sugar_cane":1,"minecraft:cartography_table":1,"minecraft:blue_bed":1,"minecraft:large_fern":2,"minecraft:furnace":4,"minecraft:iron_ore":6,"minecraft:spruce_log":34,"minecraft:stripped_spruce_log":1,"minecraft:coal_ore":98,"minecraft:lantern":3,"minecraft:dirt":2,"minecraft:stone":57},"minecraft:dropped":{"iceandfire:raw_silver":1,"minecraft:wheat_seeds":4,"wom:herrscher":1,"wom:ender_blaster":2,"minecraft:chicken":2,"wom:moonless":1,"minecraft:rotten_flesh":7,"wom:ruine":1,"wom:gesetz":1,"epicfight:skillbook":1},"minecraft:custom":{"minecraft:interact_with_furnace":18,"minecraft:mob_kills":23,"minecraft:interact_with_crafting_table":12,"minecraft:leave_game":2,"minecraft:time_since_death":13343,"minecraft:sleep_in_bed":1,"minecraft:time_since_rest":4193,"minecraft:sprint_one_cm":195468,"minecraft:damage_taken":1253,"minecraft:walk_one_cm":232849,"minecraft:drop":16,"minecraft:damage_dealt":4644,"minecraft:fly_one_cm":314510,"minecraft:open_chest":2,"minecraft:crouch_one_cm":569,"minecraft:play_time":44258,"minecraft:deaths":3,"minecraft:sneak_time":93,"minecraft:jump":729,"minecraft:total_world_time":44258,"minecraft:fall_one_cm":15911},"minecraft:killed":{"minecraft:pig":1,"alexsmobs:seal":3,"minecraft:spider":1,"minecraft:creeper":2,"minecraft:skeleton":2,"minecraft:sheep":1,"minecraft:zombie":4,"minecraft:chicken":2,"alexsmobs:moose":1,"alexsmobs:crow":3,"minecraft:cow":2,"minecraft:enderman":1},"minecraft:broken":{"minecraft:stone_pickaxe":1},"minecraft:crafted":{"minecraft:crafting_table":1,"minecraft:spruce_planks":40,"minecraft:wooden_pickaxe":1,"alexsmobs:cooked_moose_ribs":2,"minecraft:furnace":1,"minecraft:stone_axe":1,"minecraft:cooked_mutton":2,"minecraft:air":0,"minecraft:shield":1,"minecraft:stick":24,"minecraft:iron_ingot":6,"minecraft:iron_pickaxe":1,"minecraft:stone_pickaxe":3,"minecraft:chest":1,"iceandfire:armor_sapphire_boots":1,"minecraft:torch":40},"minecraft:picked_up":{"minecraft:crafting_table":5,"minecraft:chicken":3,"minecraft:leather":4,"minecraft:gunpowder":2,"minecraft:dirt":5,"minecraft:blue_bed":1,"minecraft:string":2,"minecraft:lantern":3,"minecraft:bow":1,"minecraft:wheat_seeds":4,"minecraft:cartography_table":1,"minecraft:spruce_planks":7,"minecraft:beef":1,"minecraft:sugar_cane":13,"minecraft:furnace":4,"minecraft:stick":4,"minecraft:raw_iron":6,"iceandfire:dragonbone":3,"iceandfire:dragonscales_sapphire":4,"minecraft:gravel":1,"epicfight:skillbook":1,"minecraft:porkchop":2,"minecraft:spruce_sapling":3,"minecraft:spruce_log":38,"minecraft:arrow":1,"minecraft:rotten_flesh":8,"alexsmobs:moose_ribs":2,"iceandfire:ice_dragon_flesh":1,"minecraft:mutton":2,"minecraft:coal":202,"minecraft:white_wool":1,"iceandfire:raw_silver":1,"minecraft:cobblestone":56,"minecraft:ender_pearl":1}},"DataVersion":3465}