{"stats":{"minecraft:dropped":{"minecraft:stone_sword":1,"minecraft:cobbled_deepslate":7,"minecraft:granite":2,"minecraft:big_dripleaf":1,"minecraft:dirt":16,"minecraft:orange_terracotta":3,"minecraft:wooden_pickaxe":1,"minecraft:lily_pad":1,"minecraft:netherrack":7},"minecraft:custom":{"minecraft:interact_with_furnace":7,"minecraft:mob_kills":23,"minecraft:interact_with_crafting_table":7,"minecraft:eat_cake_slice":7,"minecraft:time_since_death":13817,"minecraft:time_since_rest":13891,"minecraft:sprint_one_cm":185009,"minecraft:damage_taken":2073,"minecraft:walk_one_cm":310247,"minecraft:drop":10,"minecraft:damage_dealt":3359,"minecraft:swim_one_cm":5590,"minecraft:fly_one_cm":219023,"minecraft:open_chest":1,"minecraft:crouch_one_cm":4142,"minecraft:play_time":45177,"minecraft:deaths":7,"minecraft:sneak_time":503,"minecraft:walk_under_water_one_cm":1958,"minecraft:boat_one_cm":173809,"minecraft:jump":772,"minecraft:walk_on_water_one_cm":14437,"minecraft:total_world_time":45177,"minecraft:fall_one_cm":16761},"minecraft:used":{"minecraft:stone_sword":103,"minecraft:red_sand":2,"minecraft:stone_pickaxe":104,"minecraft:wooden_pickaxe":4,"minecraft:rotten_flesh":4,"minecraft:torch":8,"minecraft:mutton":5,"minecraft:crafting_table":5,"biomesoplenty:dead_planks":33,"biomesoplenty:dead_boat":1,"minecraft:cake":1,"minecraft:iron_axe":16,"minecraft:iron_pickaxe":28,"minecraft:stone_axe":58,"minecraft:beef":4,"minecraft:furnace":1},"minecraft:killed":{"minecraft:cave_spider":3,"minecraft:zombie_villager":1,"minecraft:spider":3,"alexsmobs:emu":2,"minecraft:sheep":3,"minecraft:skeleton":3,"minecraft:zombie":1,"alexsmobs:gazelle":2,"minecraft:cow":4},"minecraft:picked_up":{"minecraft:magma_block":1,"minecraft:crafting_table":5,"minecraft:feather":1,"biomesoplenty:dried_salt":2,"minecraft:andesite":3,"minecraft:leather":3,"biomesoplenty:dead_log":15,"minecraft:lily_pad":1,"minecraft:oak_log":14,"skilltree:gem":11,"alexsmobs:gazelle_horn":1,"minecraft:string":6,"minecraft:dirt":16,"minecraft:orange_terracotta":3,"minecraft:bone":5,"minecraft:red_sand":2,"minecraft:cobbled_deepslate":7,"minecraft:raw_gold":3,"minecraft:beef":4,"minecraft:iron_ingot":1,"minecraft:sugar_cane":22,"minecraft:furnace":1,"minecraft:raw_iron":28,"minecraft:stick":8,"minecraft:big_dripleaf":1,"minecraft:torch":8,"biomesoplenty:dead_planks":7,"minecraft:redstone":30,"minecraft:spider_eye":1,"minecraft:stone_sword":1,"minecraft:arrow":6,"minecraft:rotten_flesh":4,"evilcraft:dark_gem":21,"minecraft:granite":2,"minecraft:netherrack":7,"minecraft:mutton":5,"minecraft:coal":24,"minecraft:white_wool":3,"iceandfire:raw_silver":5,"minecraft:cobblestone":27},"minecraft:crafted":{"biomesoplenty:dead_planks":60,"minecraft:crafting_table":1,"minecraft:wooden_pickaxe":1,"minecraft:furnace":1,"biomesoplenty:dead_boat":1,"minecraft:stone_axe":1,"minecraft:air":0,"minecraft:iron_chestplate":1,"minecraft:shield":1,"minecraft:iron_axe":1,"minecraft:stick":12,"minecraft:iron_ingot":23,"minecraft:iron_pickaxe":1,"minecraft:stone_pickaxe":1,"minecraft:stone_sword":1,"minecraft:torch":4},"minecraft:mined":{"minecraft:deepslate_redstone_ore":2,"iceandfire:silver_ore":3,"minecraft:orange_terracotta":3,"minecraft:crafting_table":5,"minecraft:torch":7,"minecraft:granite":1,"minecraft:red_sand":2,"minecraft:dead_bush":5,"iceandfire:deepslate_silver_ore":2,"minecraft:tall_grass":1,"biomesoplenty:dried_salt":2,"minecraft:deepslate_gold_ore":3,"minecraft:sugar_cane":10,"minecraft:wall_torch":1,"minecraft:magma_block":1,"minecraft:redstone_ore":5,"minecraft:furnace":1,"evilcraft:dark_ore_deepslate":4,"minecraft:iron_ore":11,"minecraft:andesite":3,"evilcraft:dark_ore":1,"biomesoplenty:hanging_cobweb":2,"minecraft:grass":19,"biomesoplenty:dead_log":15,"minecraft:oak_log":14,"minecraft:coal_ore":24,"minecraft:deepslate_iron_ore":18,"biomesoplenty:webbing":4,"biomesoplenty:stringy_cobweb":6,"minecraft:cobweb":1,"biomesoplenty:dead_planks":7,"minecraft:stone":30,"biomesoplenty:spider_egg":2,"minecraft:netherrack":7,"minecraft:deepslate":7},"minecraft:killed_by":{"minecraft:skeleton":4,"minecraft:zombie":1,"alexsmobs:emu":1,"cave_dweller:cave_dweller":1}},"DataVersion":3465}