{"stats":{"minecraft:dropped":{"minecraft:wooden_pickaxe":1},"minecraft:custom":{"minecraft:time_since_rest":12516,"minecraft:sprint_one_cm":31438,"minecraft:damage_taken":435,"minecraft:walk_one_cm":107309,"minecraft:mob_kills":3,"minecraft:drop":1,"minecraft:damage_dealt":344,"minecraft:interact_with_crafting_table":4,"minecraft:swim_one_cm":2812,"minecraft:fly_one_cm":86160,"minecraft:crouch_one_cm":173,"minecraft:play_time":15177,"minecraft:deaths":1,"minecraft:sneak_time":41,"minecraft:walk_under_water_one_cm":582,"minecraft:jump":292,"minecraft:time_since_death":12481,"minecraft:walk_on_water_one_cm":2610,"minecraft:total_world_time":15177,"minecraft:fall_one_cm":5238},"minecraft:used":{"minecraft:red_sand":2,"minecraft:stone_sword":1,"minecraft:stone_pickaxe":29,"minecraft:wooden_pickaxe":4,"minecraft:stone_axe":42,"minecraft:crafting_table":3,"biomesoplenty:dead_planks":7},"minecraft:picked_up":{"minecraft:stick":2,"minecraft:crafting_table":3,"minecraft:raw_iron":1,"biomesoplenty:dried_salt":2,"minecraft:andesite":3,"biomesoplenty:dead_log":15,"biomesoplenty:dead_planks":7,"skilltree:gem":4,"minecraft:spider_eye":1,"minecraft:string":2,"minecraft:arrow":3,"minecraft:bone":4,"minecraft:red_sand":2,"minecraft:sugar_cane":22,"minecraft:coal":12,"iceandfire:raw_silver":2,"minecraft:cobblestone":10},"minecraft:killed":{"minecraft:skeleton":1,"minecraft:cave_spider":2},"minecraft:crafted":{"biomesoplenty:dead_planks":20,"minecraft:crafting_table":1,"minecraft:stick":12,"minecraft:wooden_pickaxe":1,"minecraft:stone_pickaxe":1,"minecraft:stone_sword":1,"minecraft:stone_axe":1},"minecraft:mined":{"iceandfire:silver_ore":2,"minecraft:iron_ore":1,"minecraft:andesite":3,"minecraft:crafting_table":3,"biomesoplenty:hanging_cobweb":1,"minecraft:red_sand":2,"biomesoplenty:dead_log":15,"minecraft:coal_ore":12,"biomesoplenty:webbing":4,"minecraft:dead_bush":2,"biomesoplenty:stringy_cobweb":4,"minecraft:cobweb":1,"biomesoplenty:dried_salt":2,"biomesoplenty:dead_planks":7,"biomesoplenty:spider_egg":2,"minecraft:stone":11,"minecraft:sugar_cane":10},"minecraft:killed_by":{"minecraft:zombie":1}},"DataVersion":3465}