{"stats":{"minecraft:dropped":{"minecraft:stone_sword":2,"minecraft:cobbled_deepslate":7,"minecraft:feather":1,"minecraft:granite":2,"minecraft:big_dripleaf":1,"minecraft:dirt":27,"minecraft:orange_terracotta":3,"minecraft:stone_pickaxe":1,"minecraft:wooden_pickaxe":1,"minecraft:lily_pad":1,"minecraft:netherrack":7},"minecraft:custom":{"minecraft:interact_with_furnace":7,"minecraft:mob_kills":26,"minecraft:interact_with_crafting_table":8,"minecraft:eat_cake_slice":7,"minecraft:time_since_death":248,"minecraft:sleep_in_bed":3,"minecraft:time_since_rest":273,"minecraft:sprint_one_cm":232315,"minecraft:damage_taken":5124,"minecraft:walk_one_cm":338852,"minecraft:damage_blocked_by_shield":1560,"minecraft:drop":14,"minecraft:damage_dealt":4625,"minecraft:swim_one_cm":33317,"minecraft:fly_one_cm":335081,"minecraft:open_chest":18,"minecraft:crouch_one_cm":4142,"minecraft:play_time":57177,"minecraft:deaths":18,"minecraft:sneak_time":583,"minecraft:walk_under_water_one_cm":11342,"minecraft:boat_one_cm":183964,"minecraft:jump":1061,"minecraft:walk_on_water_one_cm":28983,"minecraft:total_world_time":57177,"minecraft:fall_one_cm":25806},"minecraft:used":{"minecraft:stone_sword":162,"minecraft:red_sand":2,"minecraft:stone_pickaxe":110,"minecraft:shield":27,"minecraft:wooden_pickaxe":4,"minecraft:rotten_flesh":4,"minecraft:torch":10,"minecraft:mutton":5,"minecraft:crafting_table":6,"biomesoplenty:dead_planks":33,"minecraft:white_bed":2,"biomesoplenty:dead_boat":1,"minecraft:cake":1,"minecraft:iron_axe":37,"minecraft:melon_slice":6,"minecraft:iron_pickaxe":32,"minecraft:stone_axe":63,"minecraft:cobblestone":4,"minecraft:beef":4,"minecraft:furnace":1,"minecraft:experience_bottle":1},"minecraft:picked_up":{"minecraft:magma_block":1,"minecraft:crafting_table":5,"minecraft:feather":1,"biomesoplenty:dried_salt":2,"minecraft:andesite":3,"minecraft:leather":3,"biomesoplenty:dead_log":15,"minecraft:lily_pad":1,"minecraft:oak_log":14,"skilltree:gem":12,"alexsmobs:gazelle_horn":1,"minecraft:string":8,"minecraft:dirt":27,"minecraft:orange_terracotta":3,"minecraft:bone":5,"minecraft:red_sand":2,"minecraft:cobbled_deepslate":7,"minecraft:raw_gold":3,"minecraft:beef":4,"minecraft:iron_ingot":1,"minecraft:melon_slice":6,"minecraft:sugar_cane":24,"minecraft:furnace":1,"minecraft:raw_iron":28,"minecraft:stick":8,"minecraft:big_dripleaf":1,"minecraft:torch":8,"biomesoplenty:dead_planks":7,"minecraft:white_bed":1,"minecraft:redstone":30,"minecraft:spider_eye":1,"minecraft:stone_sword":1,"minecraft:arrow":6,"minecraft:rotten_flesh":4,"evilcraft:dark_gem":21,"minecraft:granite":2,"minecraft:netherrack":7,"minecraft:mutton":5,"minecraft:coal":30,"minecraft:white_wool":3,"iceandfire:raw_silver":5,"minecraft:cobblestone":27},"minecraft:killed":{"samurai_dynasty:jorogumo":1,"minecraft:cave_spider":3,"minecraft:zombie_villager":1,"minecraft:spider":4,"alexsmobs:emu":2,"minecraft:sheep":3,"minecraft:skeleton":3,"minecraft:zombie":1,"alexsmobs:gazelle":2,"minecraft:cow":4},"minecraft:crafted":{"minecraft:oak_planks":56,"biomesoplenty:dead_planks":60,"minecraft:crafting_table":1,"minecraft:wooden_pickaxe":1,"minecraft:furnace":1,"biomesoplenty:dead_boat":1,"minecraft:stone_axe":1,"minecraft:air":0,"minecraft:iron_chestplate":1,"minecraft:shield":1,"minecraft:iron_axe":1,"minecraft:stick":12,"minecraft:iron_ingot":23,"minecraft:iron_pickaxe":1,"minecraft:stone_pickaxe":1,"minecraft:stone_sword":1,"minecraft:white_bed":1,"minecraft:torch":4},"minecraft:mined":{"minecraft:deepslate_redstone_ore":2,"minecraft:white_bed":1,"iceandfire:silver_ore":3,"minecraft:orange_terracotta":3,"minecraft:crafting_table":5,"minecraft:torch":7,"minecraft:granite":1,"minecraft:red_sand":2,"minecraft:grass_block":6,"minecraft:dead_bush":5,"iceandfire:deepslate_silver_ore":2,"biomesoplenty:high_grass_plant":18,"minecraft:tall_grass":2,"biomesoplenty:dried_salt":2,"minecraft:deepslate_gold_ore":3,"minecraft:sugar_cane":10,"minecraft:wall_torch":1,"minecraft:magma_block":1,"minecraft:redstone_ore":5,"minecraft:furnace":1,"evilcraft:dark_ore_deepslate":4,"minecraft:iron_ore":11,"minecraft:andesite":3,"evilcraft:dark_ore":1,"iceandfire:gold_pile":1,"biomesoplenty:hanging_cobweb":2,"minecraft:grass":31,"biomesoplenty:dead_log":15,"biomesoplenty:high_grass":14,"minecraft:oak_log":14,"minecraft:coal_ore":30,"minecraft:deepslate_iron_ore":18,"biomesoplenty:webbing":4,"biomesoplenty:stringy_cobweb":6,"minecraft:cobweb":1,"biomesoplenty:dead_planks":7,"minecraft:stone":30,"biomesoplenty:spider_egg":2,"minecraft:netherrack":7,"minecraft:deepslate":7},"minecraft:killed_by":{"samurai_dynasty:jorogumo":2,"minecraft:skeleton":4,"minecraft:zombie":1,"alexsmobs:emu":1,"cave_dweller:cave_dweller":1,"iceandfire:fire_dragon":9}},"DataVersion":3465}