{"stats":{"minecraft:custom":{"minecraft:mob_kills":33,"minecraft:interact_with_crafting_table":12,"minecraft:eat_cake_slice":7,"minecraft:leave_game":2,"minecraft:time_since_death":3330,"minecraft:sprint_one_cm":330808,"minecraft:walk_one_cm":378245,"minecraft:damage_blocked_by_shield":1560,"minecraft:drop":75,"minecraft:play_time":70634,"minecraft:deaths":20,"minecraft:sneak_time":704,"minecraft:walk_under_water_one_cm":17548,"minecraft:boat_one_cm":183964,"minecraft:jump":1390,"minecraft:walk_on_water_one_cm":43664,"minecraft:total_world_time":70634,"minecraft:interact_with_furnace":7,"minecraft:sleep_in_bed":4,"minecraft:time_since_rest":3357,"minecraft:damage_taken":5904,"minecraft:damage_dealt":6492,"minecraft:swim_one_cm":41316,"minecraft:fly_one_cm":459812,"minecraft:open_chest":22,"minecraft:crouch_one_cm":4142,"minecraft:fall_one_cm":36936},"minecraft:killed":{"samurai_dynasty:jorogumo":1,"minecraft:cave_spider":3,"minecraft:spider":4,"minecraft:skeleton":3,"minecraft:horse":1,"minecraft:zombie_villager":1,"alexsmobs:emu":2,"minecraft:sheep":3,"minecraft:zombie":1,"alexsmobs:gazelle":2,"minecraft:cow":9},"minecraft:crafted":{"minecraft:oak_planks":76,"iceandfire:armor_gray_leggings":1,"minecraft:furnace":1,"minecraft:iron_axe":1,"iceandfire:armor_gray_helmet":1,"minecraft:stone_pickaxe":1,"minecraft:chest":1,"minecraft:wheat":342,"sophisticatedbackpacks:iron_backpack":1,"biomesoplenty:dead_planks":60,"iceandfire:armor_gray_boots":1,"sophisticatedbackpacks:backpack":1,"minecraft:crafting_table":5,"minecraft:wooden_pickaxe":1,"biomesoplenty:dead_boat":1,"minecraft:stone_axe":1,"minecraft:bread":114,"minecraft:air":0,"minecraft:iron_chestplate":1,"minecraft:shield":1,"minecraft:stick":12,"minecraft:iron_ingot":23,"minecraft:iron_pickaxe":1,"minecraft:stone_sword":1,"minecraft:white_bed":1,"minecraft:torch":4},"minecraft:killed_by":{"alexsmobs:emu":1,"samurai_dynasty:jorogumo":2,"minecraft:skeleton":4,"minecraft:zombie":3,"cave_dweller:cave_dweller":1,"iceandfire:fire_dragon":9},"minecraft:mined":{"minecraft:white_bed":1,"iceandfire:silver_ore":3,"minecraft:brewing_stand":1,"minecraft:granite":1,"minecraft:red_sand":2,"biomesoplenty:bush":4,"minecraft:grass_block":6,"iceandfire:deepslate_silver_ore":2,"biomesoplenty:dried_salt":2,"minecraft:hay_block":38,"minecraft:magma_block":1,"minecraft:redstone_ore":5,"minecraft:furnace":1,"minecraft:carrots":8,"minecraft:iron_ore":11,"minecraft:andesite":3,"evilcraft:dark_ore":1,"biomesoplenty:hanging_cobweb":2,"minecraft:deepslate_iron_ore":18,"minecraft:potatoes":3,"biomesoplenty:high_grass":14,"iceandfire:gold_pile":1,"biomesoplenty:webbing":4,"biomesoplenty:spider_egg":2,"minecraft:stone":30,"minecraft:deepslate_redstone_ore":2,"minecraft:orange_terracotta":3,"minecraft:crafting_table":8,"minecraft:torch":7,"minecraft:blast_furnace":1,"minecraft:dead_bush":5,"biomesoplenty:high_grass_plant":18,"minecraft:tall_grass":2,"minecraft:deepslate_gold_ore":3,"minecraft:sugar_cane":10,"minecraft:wall_torch":1,"evilcraft:dark_ore_deepslate":4,"minecraft:wheat":10,"minecraft:yellow_bed":3,"minecraft:grass":33,"biomesoplenty:dead_log":15,"minecraft:oak_log":19,"minecraft:coal_ore":30,"minecraft:beetroots":1,"biomesoplenty:stringy_cobweb":6,"minecraft:cobweb":1,"biomesoplenty:dead_planks":7,"minecraft:netherrack":7,"minecraft:oak_leaves":1,"minecraft:deepslate":7},"minecraft:used":{"minecraft:red_sand":2,"minecraft:stone_sword":162,"minecraft:shield":27,"minecraft:rotten_flesh":4,"minecraft:torch":10,"minecraft:mutton":5,"minecraft:carrot":1,"biomesoplenty:dead_boat":1,"minecraft:iron_axe":104,"minecraft:beef":4,"minecraft:furnace":1,"iceandfire:fire_dragon_flesh":1,"minecraft:stone_pickaxe":110,"minecraft:wooden_pickaxe":4,"minecraft:crafting_table":9,"biomesoplenty:dead_planks":33,"minecraft:white_bed":2,"minecraft:cake":1,"minecraft:bread":6,"minecraft:melon_slice":6,"minecraft:iron_pickaxe":36,"minecraft:stone_axe":63,"minecraft:cobblestone":4,"minecraft:yellow_bed":2,"minecraft:experience_bottle":1},"minecraft:picked_up":{"minecraft:crafting_table":8,"minecraft:brewing_stand":1,"alexsmobs:gazelle_horn":1,"minecraft:string":9,"minecraft:red_sand":2,"minecraft:cobbled_deepslate":7,"minecraft:beef":19,"minecraft:melon_slice":6,"biomesoplenty:wildflower":4,"minecraft:sugar_cane":24,"minecraft:furnace":1,"minecraft:stick":8,"minecraft:raw_iron":28,"iceandfire:dragonbone":12,"iceandfire:dragonscales_gray":17,"minecraft:big_dripleaf":1,"minecraft:torch":10,"minecraft:carrot":6,"minecraft:redstone":30,"minecraft:stone_sword":1,"minecraft:arrow":6,"minecraft:rotten_flesh":4,"minecraft:beetroot_seeds":1,"minecraft:hay_block":39,"minecraft:mutton":5,"minecraft:cobblestone":27,"minecraft:white_wool":3,"samurai_dynasty:jorogumo_eye":1,"minecraft:magma_block":1,"minecraft:feather":4,"biomesoplenty:dried_salt":2,"minecraft:andesite":3,"minecraft:leather":9,"minecraft:potato":3,"biomesoplenty:dead_log":15,"minecraft:lily_pad":1,"minecraft:oak_log":19,"minecraft:yellow_bed":3,"skilltree:gem":12,"minecraft:dirt":27,"minecraft:orange_terracotta":3,"minecraft:bone":5,"minecraft:wheat_seeds":11,"minecraft:raw_gold":3,"minecraft:iron_ingot":1,"iceandfire:fire_dragon_flesh":2,"minecraft:oak_planks":72,"iceandfire:ash":1,"biomesoplenty:dead_planks":7,"minecraft:blast_furnace":1,"minecraft:white_bed":1,"minecraft:spider_eye":1,"evilcraft:dark_gem":21,"minecraft:granite":2,"biomesoplenty:pink_daffodil":1,"minecraft:netherrack":14,"minecraft:coal":30,"iceandfire:raw_silver":5},"minecraft:dropped":{"minecraft:wheat_seeds":6,"iceandfire:armor_gray_boots":1,"biomesoplenty:pink_daffodil":1,"minecraft:crafting_table":1,"minecraft:feather":1,"iceandfire:fire_dragon_flesh":1,"minecraft:granite":2,"minecraft:emerald":1,"minecraft:dirt":27,"minecraft:torch":2,"iceandfire:ash":1,"minecraft:lily_pad":1,"iceandfire:armor_gray_helmet":1,"minecraft:stone_sword":2,"minecraft:cobbled_deepslate":7,"minecraft:oak_planks":36,"iceandfire:armor_gray_leggings":1,"minecraft:big_dripleaf":1,"minecraft:hay_block":1,"minecraft:orange_terracotta":3,"biomesoplenty:wildflower":4,"minecraft:stone_pickaxe":1,"minecraft:wooden_pickaxe":1,"minecraft:netherrack":14}},"DataVersion":3465}