{"stats":{"minecraft:used":{"wom:satsujin":1,"minecraft:stone_pickaxe":35,"minecraft:wooden_pickaxe":10,"minecraft:stone_axe":26,"minecraft:dirt":1,"minecraft:crafting_table":2},"minecraft:dropped":{"wom:herrscher":1,"wom:gesetz":1,"wom:ender_blaster":2,"wom:moonless":1,"wom:ruine":1},"minecraft:custom":{"minecraft:time_since_rest":9785,"minecraft:sprint_one_cm":35617,"minecraft:damage_taken":70,"minecraft:walk_one_cm":59335,"minecraft:mob_kills":2,"minecraft:drop":6,"minecraft:damage_dealt":165,"minecraft:interact_with_crafting_table":3,"minecraft:fly_one_cm":44055,"minecraft:crouch_one_cm":133,"minecraft:play_time":9785,"minecraft:sneak_time":30,"minecraft:jump":128,"minecraft:leave_game":1,"minecraft:time_since_death":9785,"minecraft:total_world_time":9785,"minecraft:fall_one_cm":2150},"minecraft:mined":{"minecraft:large_fern":2,"minecraft:spruce_log":26,"minecraft:crafting_table":2,"minecraft:grass_block":2,"minecraft:coal_ore":15,"minecraft:spruce_leaves":2,"minecraft:stone":30},"minecraft:killed":{"minecraft:sheep":1,"minecraft:chicken":1},"minecraft:crafted":{"minecraft:crafting_table":1,"minecraft:spruce_planks":16,"minecraft:stick":8,"minecraft:wooden_pickaxe":1,"minecraft:stone_pickaxe":1,"minecraft:torch":8,"minecraft:stone_axe":1},"minecraft:picked_up":{"minecraft:crafting_table":2,"minecraft:chicken":1,"minecraft:spruce_log":24,"minecraft:dirt":2,"minecraft:wheat_seeds":1,"minecraft:sugar_cane":6,"minecraft:mutton":2,"minecraft:coal":15,"minecraft:white_wool":1,"minecraft:cobblestone":29}},"DataVersion":3465}