{"stats":{"minecraft:used":{"minecraft:cooked_mutton":2,"wom:satsujin":11,"minecraft:stone_pickaxe":153,"minecraft:iron_pickaxe":1,"minecraft:wooden_pickaxe":10,"minecraft:stone_axe":30,"minecraft:torch":13,"minecraft:dirt":1,"minecraft:crafting_table":5,"minecraft:furnace":2},"minecraft:dropped":{"wom:herrscher":1,"wom:gesetz":1,"wom:ender_blaster":2,"wom:moonless":1,"wom:ruine":1},"minecraft:custom":{"minecraft:time_since_rest":21785,"minecraft:interact_with_furnace":8,"minecraft:sprint_one_cm":67066,"minecraft:damage_taken":70,"minecraft:walk_one_cm":146759,"minecraft:mob_kills":5,"minecraft:drop":6,"minecraft:damage_dealt":765,"minecraft:interact_with_crafting_table":8,"minecraft:fly_one_cm":72497,"minecraft:crouch_one_cm":133,"minecraft:play_time":21785,"minecraft:sneak_time":30,"minecraft:jump":274,"minecraft:leave_game":1,"minecraft:time_since_death":21785,"minecraft:total_world_time":21785,"minecraft:fall_one_cm":3404},"minecraft:mined":{"minecraft:large_fern":2,"minecraft:furnace":2,"iceandfire:silver_ore":1,"minecraft:iron_ore":6,"minecraft:spruce_log":26,"minecraft:crafting_table":5,"minecraft:grass_block":2,"minecraft:coal_ore":98,"minecraft:spruce_leaves":2,"minecraft:stone":57,"minecraft:sugar_cane":1},"minecraft:killed":{"minecraft:sheep":1,"minecraft:chicken":2,"minecraft:spider":1,"minecraft:enderman":1},"minecraft:broken":{"minecraft:stone_pickaxe":1},"minecraft:crafted":{"minecraft:shield":1,"minecraft:crafting_table":1,"minecraft:spruce_planks":28,"minecraft:stick":24,"minecraft:iron_pickaxe":1,"minecraft:iron_ingot":6,"minecraft:wooden_pickaxe":1,"minecraft:stone_pickaxe":3,"minecraft:furnace":1,"minecraft:torch":40,"minecraft:stone_axe":1,"minecraft:air":0,"minecraft:cooked_mutton":2},"minecraft:picked_up":{"minecraft:raw_iron":6,"minecraft:crafting_table":5,"minecraft:chicken":2,"minecraft:gravel":1,"minecraft:spruce_log":24,"minecraft:string":2,"minecraft:dirt":2,"minecraft:wheat_seeds":1,"minecraft:ender_pearl":1,"iceandfire:raw_silver":1,"minecraft:sugar_cane":13,"minecraft:mutton":2,"minecraft:coal":118,"minecraft:furnace":2,"minecraft:white_wool":1,"minecraft:cobblestone":56}},"DataVersion":3465}