{"stats":{"minecraft:broken":{"minecraft:golden_boots":1,"minecraft:leather_leggings":1},"minecraft:custom":{"minecraft:mob_kills":55,"minecraft:interact_with_crafting_table":35,"minecraft:eat_cake_slice":7,"minecraft:leave_game":5,"minecraft:time_since_death":5623,"minecraft:climb_one_cm":72,"minecraft:sprint_one_cm":668417,"minecraft:walk_one_cm":568731,"minecraft:damage_blocked_by_shield":1635,"minecraft:drop":105,"minecraft:play_time":129832,"minecraft:sneak_time":1272,"minecraft:deaths":39,"minecraft:walk_under_water_one_cm":20657,"minecraft:boat_one_cm":183964,"minecraft:jump":3109,"minecraft:walk_on_water_one_cm":54550,"minecraft:total_world_time":129832,"minecraft:interact_with_furnace":7,"minecraft:sleep_in_bed":4,"minecraft:time_since_rest":5653,"minecraft:damage_taken":12750,"minecraft:damage_absorbed":40,"minecraft:trigger_trapped_chest":1,"minecraft:damage_dealt":15810,"minecraft:swim_one_cm":55986,"minecraft:fly_one_cm":1162904,"minecraft:open_chest":50,"minecraft:crouch_one_cm":6944,"minecraft:fall_one_cm":101364},"minecraft:killed":{"samurai_dynasty:jorogumo":1,"minecraft:cave_spider":3,"minecraft:spider":4,"minecraft:skeleton":3,"minecraft:horse":1,"iceandfire:fire_dragon":2,"minecraft:zombie_villager":1,"minecraft:creeper":1,"alexsmobs:emu":2,"minecraft:sheep":3,"minecraft:zombie":2,"iceandfire:ghost":1,"alexscaves:subterranodon":1,"alexsmobs:gazelle":2,"alexscaves:vallumraptor":12,"minecraft:cow":13},"minecraft:crafted":{"minecraft:oak_planks":100,"iceandfire:armor_gray_leggings":2,"minecraft:furnace":1,"alexscaves:pewen_planks":48,"minecraft:bow":1,"minecraft:iron_axe":1,"iceandfire:armor_gray_helmet":1,"minecraft:stone_pickaxe":1,"minecraft:chest":1,"sophisticatedbackpacks:iron_backpack":1,"minecraft:wheat":342,"biomesoplenty:dead_planks":60,"iceandfire:armor_gray_boots":1,"sophisticatedbackpacks:backpack":1,"minecraft:arrow":4,"skilltree:bone_quiver":1,"minecraft:crafting_table":5,"iceandfire:armor_bronze_boots":1,"minecraft:wooden_pickaxe":1,"sophisticatedbackpacks:gold_backpack":1,"biomesoplenty:dead_boat":1,"minecraft:birch_planks":4,"minecraft:stone_axe":1,"minecraft:bread":114,"minecraft:air":0,"minecraft:iron_chestplate":1,"minecraft:golden_apple":7,"minecraft:shield":2,"minecraft:stick":16,"minecraft:iron_ingot":23,"minecraft:iron_pickaxe":1,"minecraft:stone_sword":1,"minecraft:gold_ingot":73,"minecraft:white_bed":1,"minecraft:torch":4,"iceandfire:armor_bronze_helmet":1,"skilltree:simple_necklace":1},"minecraft:killed_by":{"alexsmobs:emu":1,"samurai_dynasty:jorogumo":2,"minecraft:skeleton":4,"minecraft:zombie":3,"cave_dweller:cave_dweller":1,"iceandfire:fire_dragon":25},"minecraft:mined":{"minecraft:white_bed":1,"iceandfire:silver_ore":8,"minecraft:brewing_stand":1,"alexscaves:limestone":17,"minecraft:granite":2,"biomesoplenty:bush":4,"minecraft:red_sand":2,"minecraft:grass_block":8,"alexscaves:pewen_log":15,"iceandfire:deepslate_silver_ore":2,"biomesoplenty:dried_salt":2,"minecraft:moss_block":1,"minecraft:sandstone":23,"minecraft:large_fern":2,"minecraft:hay_block":39,"minecraft:magma_block":2,"minecraft:redstone_ore":5,"biomesoplenty:tall_lavender":1,"minecraft:furnace":1,"minecraft:carrots":8,"minecraft:iron_ore":15,"minecraft:fire":1,"minecraft:andesite":3,"evilcraft:dark_ore":1,"minecraft:gold_block":1,"biomesoplenty:hanging_cobweb":2,"minecraft:potatoes":3,"biomesoplenty:high_grass":14,"iceandfire:gold_pile":42,"minecraft:deepslate_iron_ore":18,"minecraft:vine":1,"biomesoplenty:webbing":4,"alexscaves:ambersol":3,"biomesoplenty:spider_egg":2,"minecraft:stone":56,"minecraft:deepslate_redstone_ore":2,"alexscaves:amber":34,"minecraft:smoker":1,"minecraft:orange_terracotta":3,"minecraft:crafting_table":15,"minecraft:torch":8,"minecraft:blast_furnace":1,"minecraft:dead_bush":5,"biomesoplenty:high_grass_plant":18,"minecraft:tall_grass":2,"minecraft:grindstone":1,"biomesoplenty:sprout":1,"minecraft:deepslate_gold_ore":3,"minecraft:oak_planks":1,"minecraft:sugar_cane":10,"minecraft:diorite":5,"minecraft:wall_torch":2,"evilcraft:dark_ore_deepslate":4,"minecraft:wheat":10,"alexscaves:cave_painting_vallumraptor_friend":1,"minecraft:yellow_bed":3,"minecraft:grass":36,"biomesoplenty:dead_log":15,"minecraft:oak_log":25,"minecraft:coal_ore":96,"minecraft:beetroots":1,"alexscaves:cycad":1,"minecraft:dirt":6,"biomesoplenty:stringy_cobweb":6,"minecraft:cobweb":1,"biomesoplenty:dead_planks":7,"minecraft:netherrack":8,"minecraft:oak_leaves":3,"minecraft:deepslate":7},"minecraft:used":{"minecraft:stone_sword":162,"minecraft:red_sand":2,"minecraft:shield":28,"minecraft:rotten_flesh":4,"minecraft:iron_chestplate":1,"minecraft:torch":14,"minecraft:dirt":1,"minecraft:mutton":5,"alexscaves:ambersol":1,"minecraft:carrot":3,"alexscaves:limestone":2,"biomesoplenty:dead_boat":1,"wom:agony":243,"wom:diamond_armbracelet":1,"minecraft:iron_axe":128,"minecraft:beef":4,"minecraft:furnace":1,"minecraft:iron_leggings":1,"iceandfire:fire_dragon_flesh":2,"minecraft:birch_planks":3,"minecraft:oak_planks":23,"minecraft:stone_pickaxe":110,"minecraft:wooden_pickaxe":4,"minecraft:sandstone":19,"minecraft:golden_apple":1,"minecraft:crafting_table":16,"biomesoplenty:dead_planks":33,"minecraft:white_bed":2,"minecraft:cake":1,"alexscaves:pewen_planks":48,"minecraft:iron_pickaxe":238,"minecraft:bread":34,"minecraft:melon_slice":6,"minecraft:stone_axe":82,"minecraft:cobblestone":4,"minecraft:yellow_bed":3,"minecraft:experience_bottle":1},"minecraft:picked_up":{"minecraft:crafting_table":17,"alexscaves:tough_hide":2,"minecraft:gold_block":1,"minecraft:brewing_stand":1,"minecraft:stripped_mangrove_log":1,"alexsmobs:gazelle_horn":1,"minecraft:string":9,"biomesoplenty:tall_lavender":2,"alexscaves:dinosaur_chop":1,"minecraft:cobbled_deepslate":7,"minecraft:red_sand":2,"minecraft:gold_nugget":534,"minecraft:beef":23,"minecraft:melon_slice":6,"biomesoplenty:wildflower":4,"minecraft:sugar_cane":24,"minecraft:sandstone":19,"minecraft:furnace":1,"minecraft:stick":9,"minecraft:raw_iron":32,"iceandfire:dragonbone":32,"iceandfire:dragonscales_gray":31,"alexscaves:cycad":6,"minecraft:big_dripleaf":1,"minecraft:torch":11,"minecraft:carrot":6,"minecraft:redstone":30,"minecraft:stone_sword":1,"minecraft:arrow":6,"minecraft:rotten_flesh":4,"minecraft:beetroot_seeds":2,"minecraft:polished_basalt":2,"minecraft:hay_block":40,"iceandfire:fire_dragon_heart":2,"minecraft:mutton":5,"minecraft:white_wool":3,"minecraft:cobblestone":43,"samurai_dynasty:jorogumo_eye":1,"biomesoplenty:lavender":14,"minecraft:birch_log":1,"minecraft:magma_block":2,"alexscaves:pewen_log":12,"minecraft:feather":4,"biomesoplenty:dried_salt":2,"minecraft:andesite":3,"minecraft:leather":12,"alexscaves:limestone":2,"minecraft:smoker":1,"minecraft:potato":3,"biomesoplenty:dead_log":15,"minecraft:flint":1,"minecraft:oak_log":25,"minecraft:lily_pad":1,"minecraft:yellow_bed":3,"minecraft:gunpowder":2,"alexscaves:ambersol":3,"skilltree:gem":23,"iceandfire:dragonscales_bronze":15,"minecraft:dirt":34,"alexscaves:amber":25,"minecraft:orange_terracotta":3,"alexscaves:pewen_sapling":1,"minecraft:cooked_mutton":2,"minecraft:bone":5,"minecraft:wheat_seeds":12,"minecraft:raw_gold":3,"minecraft:grindstone":1,"minecraft:iron_ingot":1,"minecraft:mangrove_fence_gate":2,"minecraft:moss_block":1,"iceandfire:fire_dragon_flesh":4,"minecraft:oak_planks":73,"iceandfire:ash":1,"minecraft:gravel":1,"iceandfire:dragon_skull_fire":2,"biomesoplenty:dead_planks":7,"minecraft:red_banner":3,"minecraft:blast_furnace":1,"minecraft:white_bed":1,"minecraft:spider_eye":1,"evilcraft:dark_gem":21,"minecraft:granite":2,"biomesoplenty:pink_daffodil":1,"minecraft:oak_sapling":2,"skilltree:bone_quiver":1,"minecraft:netherrack":14,"minecraft:coal":96,"iceandfire:raw_silver":10},"minecraft:dropped":{"minecraft:bread":16,"skilltree:bone_quiver":1,"minecraft:wheat_seeds":6,"iceandfire:armor_gray_boots":1,"biomesoplenty:pink_daffodil":1,"minecraft:crafting_table":3,"biomesoplenty:lavender":7,"minecraft:feather":1,"minecraft:cobblestone":2,"iceandfire:fire_dragon_flesh":1,"minecraft:granite":2,"minecraft:golden_apple":1,"minecraft:emerald":1,"minecraft:dirt":28,"minecraft:torch":3,"iceandfire:ash":1,"minecraft:iron_axe":1,"minecraft:lily_pad":1,"iceandfire:armor_gray_helmet":1,"iceandfire:dragon_skull_fire":2,"minecraft:stone_sword":2,"minecraft:cobbled_deepslate":7,"minecraft:oak_planks":36,"iceandfire:armor_gray_leggings":1,"minecraft:big_dripleaf":1,"minecraft:hay_block":1,"minecraft:shield":1,"minecraft:orange_terracotta":3,"minecraft:beetroot_seeds":1,"biomesoplenty:wildflower":4,"minecraft:mangrove_fence_gate":1,"minecraft:stone_pickaxe":1,"minecraft:wooden_pickaxe":1,"biomesoplenty:tall_lavender":1,"minecraft:netherrack":14}},"DataVersion":3465}