{"stats":{"minecraft:used":{"minecraft:water_bucket":10,"wom:netherite_greataxe":10,"minecraft:diorite":2,"minecraft:enchanting_table":1,"minecraft:stone_pickaxe":56,"minecraft:wooden_pickaxe":6,"minecraft:shield":14,"minecraft:rotten_flesh":3,"minecraft:glow_berries":19,"minecraft:crafting_table":7,"minecraft:spruce_log":4,"wom:ender_blaster":20,"minecraft:diamond_pickaxe":3,"minecraft:iron_axe":106,"minecraft:iron_pickaxe":300,"minecraft:gravel":22,"minecraft:golden_carrot":6,"minecraft:stone_axe":30,"minecraft:magma_block":3,"minecraft:cobblestone":12,"minecraft:sweet_berries":3,"minecraft:furnace":4,"minecraft:bucket":10,"minecraft:cobbled_deepslate":10},"minecraft:killed_by":{"minecraft:player":5,"iceandfire:ice_dragon":3,"minecraft:skeleton":1,"alexsmobs:cachalot_whale":1},"minecraft:custom":{"minecraft:interact_with_furnace":29,"minecraft:mob_kills":28,"minecraft:interact_with_crafting_table":18,"minecraft:leave_game":1,"minecraft:time_since_death":14139,"minecraft:climb_one_cm":3160,"minecraft:time_since_rest":14193,"minecraft:sprint_one_cm":346487,"minecraft:damage_taken":4781,"minecraft:walk_one_cm":285168,"minecraft:damage_blocked_by_shield":710,"minecraft:drop":15,"minecraft:damage_dealt":5936,"minecraft:swim_one_cm":75982,"minecraft:player_kills":7,"minecraft:fly_one_cm":1048039,"minecraft:open_chest":1,"minecraft:crouch_one_cm":6638,"minecraft:play_time":87865,"minecraft:deaths":19,"minecraft:sneak_time":3490,"minecraft:walk_under_water_one_cm":34221,"minecraft:jump":2526,"minecraft:walk_on_water_one_cm":29076,"minecraft:enchant_item":1,"minecraft:total_world_time":87865,"minecraft:fall_one_cm":63897},"minecraft:mined":{"minecraft:deepslate_redstone_ore":3,"minecraft:flowering_azalea":2,"samurai_dynasty:spirit_stone_base":4,"minecraft:deepslate_diamond_ore":2,"minecraft:obsidian":2,"minecraft:clay":6,"minecraft:crafting_table":7,"minecraft:cave_vines_plant":1,"minecraft:granite":4,"minecraft:grass_block":3,"minecraft:tall_grass":3,"minecraft:copper_ore":1,"minecraft:cobblestone":8,"minecraft:spruce_leaves":21,"minecraft:lapis_ore":6,"minecraft:sugar_cane":9,"minecraft:moss_block":4,"minecraft:diorite":17,"minecraft:large_fern":1,"minecraft:magma_block":5,"minecraft:redstone_ore":1,"minecraft:furnace":3,"minecraft:fire":1,"minecraft:iron_ore":54,"minecraft:ice":7,"minecraft:spruce_log":44,"minecraft:andesite":23,"minecraft:gold_block":1,"minecraft:deepslate_lapis_ore":3,"minecraft:gravel":26,"minecraft:grass":2,"minecraft:coal_ore":29,"minecraft:deepslate_iron_ore":14,"minecraft:sand":1,"minecraft:dirt":11,"minecraft:packed_ice":15,"iceandfire:frost_lily":3,"minecraft:stone":100,"minecraft:small_dripleaf":2,"minecraft:netherrack":2,"minecraft:gold_ore":9,"minecraft:deepslate":17,"minecraft:fern":2},"minecraft:dropped":{"minecraft:iron_ingot":1,"minecraft:cobbled_deepslate":1,"minecraft:raw_iron":50,"wom:ender_blaster":2,"minecraft:cobblestone":1,"minecraft:glow_berries":1,"minecraft:shield":2,"iceandfire:frost_lily":1,"minecraft:arrow":1,"minecraft:stone_pickaxe":1,"minecraft:wooden_pickaxe":1,"minecraft:iron_pickaxe":1},"minecraft:killed":{"minecraft:zombie_villager":1,"minecraft:spider":7,"minecraft:skeleton":6,"minecraft:zombie":7,"minecraft:chicken":1,"alexsmobs:comb_jelly":2,"alexsmobs:centipede_head":1,"minecraft:cow":2},"minecraft:broken":{"minecraft:iron_pickaxe":1},"minecraft:crafted":{"minecraft:crafting_table":1,"minecraft:spruce_planks":52,"minecraft:wooden_pickaxe":1,"minecraft:iron_helmet":1,"minecraft:furnace":3,"minecraft:bucket":1,"minecraft:stone_axe":1,"minecraft:air":0,"minecraft:iron_boots":1,"minecraft:iron_chestplate":1,"minecraft:diamond_pickaxe":1,"minecraft:shield":2,"minecraft:iron_axe":1,"minecraft:stick":24,"minecraft:iron_ingot":36,"minecraft:iron_pickaxe":2,"minecraft:stone_pickaxe":1,"minecraft:iron_leggings":1},"minecraft:picked_up":{"minecraft:crafting_table":7,"minecraft:magma_block":5,"minecraft:feather":2,"minecraft:chicken":1,"minecraft:clay_ball":20,"minecraft:andesite":22,"minecraft:leather":3,"minecraft:gold_block":1,"wom:ender_blaster":2,"minecraft:flint":4,"minecraft:shield":1,"minecraft:dirt":13,"minecraft:lapis_lazuli":48,"minecraft:string":9,"minecraft:moss_carpet":1,"minecraft:raw_copper":4,"minecraft:bone":5,"minecraft:cobbled_deepslate":24,"minecraft:raw_gold":9,"minecraft:beef":4,"iceandfire:frost_lily":3,"wom:netherite_greataxe":1,"minecraft:iron_ingot":23,"minecraft:iron_pickaxe":1,"minecraft:sugar_cane":29,"minecraft:moss_block":4,"minecraft:flowering_azalea":2,"minecraft:egg":1,"minecraft:furnace":3,"wom:agony":1,"minecraft:stick":7,"minecraft:raw_iron":91,"minecraft:sweet_berries":2,"minecraft:gravel":22,"epicfight:skillbook":1,"minecraft:sand":1,"minecraft:spruce_sapling":10,"minecraft:diorite":17,"minecraft:spruce_log":46,"minecraft:redstone":18,"alexsmobs:centipede_leg":1,"minecraft:spider_eye":2,"minecraft:arrow":3,"minecraft:rotten_flesh":10,"samurai_dynasty:spirit_stone_base":4,"minecraft:diamond":2,"minecraft:granite":4,"minecraft:netherrack":2,"minecraft:glow_berries":18,"minecraft:coal":38,"minecraft:cobblestone":106}},"DataVersion":3465}