{"stats":{"minecraft:broken":{"minecraft:stone_axe":1,"minecraft:iron_pickaxe":1},"minecraft:killed":{"whispering_spirits:whispering_spirit":1,"minecraft:spider":7,"alexsmobs:rattlesnake":1,"minecraft:skeleton":2,"minecraft:chicken":3,"minecraft:silverfish":4,"alexsmobs:kangaroo":2,"alexsmobs:triops":1,"minecraft:cat":1,"minecraft:husk":2,"alexsmobs:guster":1,"minecraft:rabbit":3,"minecraft:iron_golem":2,"alexsmobs:emu":2,"minecraft:zombie":2,"evilcraft:poisonous_libelle":1},"minecraft:custom":{"minecraft:mob_kills":35,"minecraft:interact_with_crafting_table":21,"minecraft:bell_ring":21,"minecraft:leave_game":2,"minecraft:time_since_death":2308,"minecraft:sprint_one_cm":435754,"minecraft:walk_one_cm":601853,"minecraft:damage_blocked_by_shield":450,"minecraft:drop":116,"minecraft:damage_dealt_absorbed":80,"minecraft:talked_to_villager":34,"minecraft:play_time":141264,"minecraft:deaths":22,"minecraft:sneak_time":15335,"minecraft:walk_under_water_one_cm":28080,"minecraft:boat_one_cm":87479,"minecraft:jump":2845,"minecraft:walk_on_water_one_cm":37223,"minecraft:total_world_time":141264,"minecraft:interact_with_furnace":32,"minecraft:traded_with_villager":18,"minecraft:interact_with_stonecutter":6,"minecraft:sleep_in_bed":4,"minecraft:time_since_rest":2335,"minecraft:damage_taken":5501,"minecraft:damage_dealt":6403,"minecraft:swim_one_cm":93131,"minecraft:fly_one_cm":1055870,"minecraft:open_chest":4,"minecraft:crouch_one_cm":77176,"minecraft:fall_one_cm":92818},"minecraft:crafted":{"minecraft:oak_planks":64,"minecraft:furnace":3,"sophisticatedbackpacks:crafting_upgrade":1,"sophisticatedbackpacks:smelting_upgrade":1,"minecraft:bow":1,"minecraft:leather":2,"minecraft:stone_pickaxe":1,"minecraft:chest":1,"minecraft:wheat":36,"sophisticatedbackpacks:iron_backpack":1,"biomesoplenty:dead_planks":64,"minecraft:arrow":48,"minecraft:emerald":8,"biomesoplenty:jacaranda_planks":8,"minecraft:diamond_axe":1,"minecraft:crafting_table":4,"minecraft:acacia_slab":12,"minecraft:wooden_pickaxe":1,"sophisticatedbackpacks:gold_backpack":1,"sophisticatedbackpacks:upgrade_base":2,"minecraft:stone_axe":1,"minecraft:bread":42,"minecraft:air":0,"minecraft:oak_boat":1,"minecraft:diamond_pickaxe":1,"minecraft:shield":1,"sophisticatedbackpacks:diamond_backpack":1,"minecraft:stick":232,"minecraft:iron_ingot":26,"minecraft:iron_pickaxe":1,"minecraft:gold_ingot":8,"minecraft:stonecutter":1,"minecraft:acacia_planks":68,"minecraft:torch":4,"biomesoplenty:palm_planks":4},"minecraft:killed_by":{"minecraft:spider":1,"alexsmobs:guster":1,"minecraft:zombie":1,"alexsmobs:kangaroo":1,"cave_dweller:cave_dweller":1},"minecraft:mined":{"minecraft:infested_deepslate":3,"minecraft:deepslate_tiles":2,"minecraft:diamond_ore":3,"minecraft:tuff":39,"iceandfire:myrmex_resin_desert":1,"iceandfire:silver_ore":5,"minecraft:deepslate_diamond_ore":39,"biomesoplenty:desert_grass":19,"biomesoplenty:dead_leaves":3,"minecraft:granite":7,"biomesoplenty:bush":2,"minecraft:red_sand":1,"minecraft:acacia_log":17,"minecraft:grass_block":2,"minecraft:deepslate_bricks":7,"biomesoplenty:dried_salt":38,"biomesoplenty:orange_sandstone":59,"biomesoplenty:dune_grass":21,"biomesoplenty:palm_log":1,"minecraft:hay_block":14,"minecraft:tall_seagrass":4,"biomesoplenty:jacaranda_log":10,"minecraft:furnace":4,"minecraft:iron_ore":28,"biomesoplenty:lavender":2,"minecraft:fletching_table":11,"minecraft:deepslate_lapis_ore":7,"minecraft:bell":1,"minecraft:pointed_dripstone":5,"minecraft:deepslate_iron_ore":14,"minecraft:stone":139,"minecraft:bone_block":103,"biomesoplenty:jacaranda_leaves":61,"minecraft:deepslate_redstone_ore":28,"minecraft:acacia_leaves":8,"biomesoplenty:orange_sand":1,"biomesoplenty:wildflower":1,"minecraft:orange_terracotta":2,"minecraft:stone_brick_slab":1,"iceandfire:myrmex_resin_sticky_desert":2,"minecraft:crafting_table":4,"minecraft:light_gray_terracotta":1,"minecraft:dead_bush":4,"minecraft:cobblestone":1,"biomesoplenty:sprout":11,"minecraft:cyan_bed":3,"minecraft:deepslate_gold_ore":16,"minecraft:sugar_cane":17,"minecraft:oak_planks":41,"minecraft:wall_torch":1,"minecraft:white_terracotta":1,"minecraft:cactus":1,"minecraft:lime_bed":2,"evilcraft:dark_ore_deepslate":5,"samurai_dynasty:deepslate_jade_ore":3,"biomesoplenty:dead_log":16,"minecraft:grass":9,"minecraft:oak_log":17,"minecraft:coal_ore":93,"minecraft:gravel":41,"minecraft:dripstone_block":11,"minecraft:dirt":6,"minecraft:brown_terracotta":2,"biomesoplenty:dead_planks":1,"minecraft:terracotta":6,"minecraft:acacia_planks":4,"minecraft:stonecutter":1,"minecraft:oak_leaves":5,"minecraft:deepslate":290},"minecraft:used":{"minecraft:shield":8,"minecraft:bell":1,"minecraft:torch":2,"minecraft:dirt":8,"minecraft:granite":2,"biomesoplenty:jacaranda_sapling":3,"biomesoplenty:orange_sandstone":57,"minecraft:bow":2,"minecraft:hay_block":1,"minecraft:furnace":4,"minecraft:acacia_planks":4,"minecraft:cobbled_deepslate":8,"epicfight:skillbook":1,"minecraft:composter":1,"minecraft:stone_pickaxe":128,"minecraft:oak_planks":41,"minecraft:wooden_pickaxe":10,"minecraft:stonecutter":2,"minecraft:diamond_axe":149,"minecraft:fletching_table":13,"minecraft:sugar_cane":12,"minecraft:deepslate_bricks":87,"minecraft:lime_bed":2,"minecraft:crafting_table":6,"biomesoplenty:dead_planks":1,"minecraft:dripstone_block":2,"minecraft:deepslate_tiles":63,"minecraft:diamond_pickaxe":600,"minecraft:cyan_bed":3,"minecraft:iron_pickaxe":250,"minecraft:deepslate":3,"minecraft:gravel":31,"biomesoplenty:palm_planks":4,"biomesoplenty:dried_salt":14,"minecraft:stone_axe":88,"minecraft:cobblestone":12,"minecraft:cooked_rabbit":1,"minecraft:oak_boat":7,"biomesoplenty:dead_sapling":1},"minecraft:picked_up":{"minecraft:crafting_table":5,"minecraft:chicken":3,"minecraft:brown_mushroom":4,"minecraft:wooden_pickaxe":1,"biomesoplenty:jacaranda_sapling":3,"minecraft:string":13,"evilcraft:poison_sac":1,"biomesoplenty:dead_sapling":1,"minecraft:deepslate_tiles":2,"alexsmobs:emu_feather":2,"minecraft:cobbled_deepslate":200,"minecraft:oak_boat":6,"biomesoplenty:wildflower":1,"minecraft:sugar_cane":33,"minecraft:furnace":5,"minecraft:stick":9,"minecraft:raw_iron":41,"minecraft:torch":1,"minecraft:acacia_log":17,"sophisticatedbackpacks:backpack":2,"epicfight:skillbook":1,"iceandfire:myrmex_resin_desert":1,"minecraft:pointed_dripstone":5,"minecraft:redstone":125,"minecraft:arrow":3,"minecraft:cactus":1,"minecraft:rotten_flesh":4,"biomesoplenty:jacaranda_log":10,"biomesoplenty:palm_log":1,"biomesoplenty:orange_sandstone":57,"minecraft:deepslate_bricks":7,"minecraft:hay_block":14,"alexsmobs:emu_egg":5,"iceandfire:myrmex_resin_sticky_desert":4,"endrem:rogue_eye":1,"alexsmobs:kangaroo_meat":4,"minecraft:bone_block":96,"minecraft:cobblestone":191,"minecraft:lime_bed":2,"minecraft:feather":4,"biomesoplenty:dried_salt":37,"samurai_dynasty:jade":3,"biomesoplenty:dead_log":16,"minecraft:flint":4,"minecraft:tuff":28,"minecraft:oak_log":16,"minecraft:lapis_lazuli":41,"skilltree:gem":36,"minecraft:dirt":8,"minecraft:bone":1,"minecraft:acacia_planks":4,"minecraft:stonecutter":2,"minecraft:wheat_seeds":1,"minecraft:iron_ingot":8,"minecraft:raw_gold":32,"minecraft:bell":1,"minecraft:rabbit_hide":4,"minecraft:fletching_table":11,"minecraft:rabbit":4,"minecraft:oak_planks":145,"minecraft:pumpkin":3,"minecraft:dripstone_block":3,"minecraft:gravel":37,"biomesoplenty:dead_planks":1,"minecraft:sand":1,"minecraft:dead_bush":2,"minecraft:cyan_bed":3,"minecraft:leather_helmet":3,"alexsmobs:kangaroo_hide":4,"minecraft:diamond":42,"evilcraft:dark_gem":66,"samurai_dynasty:straw_hat":1,"minecraft:granite":9,"minecraft:bread":5,"minecraft:oak_sapling":1,"minecraft:coal":104,"iceandfire:raw_silver":3},"minecraft:dropped":{"minecraft:bread":78,"minecraft:iron_ingot":1,"iceandfire:raw_silver":2,"minecraft:brown_mushroom":4,"minecraft:wheat_seeds":1,"minecraft:crafting_table":1,"minecraft:dripstone_block":1,"minecraft:cobblestone":109,"minecraft:granite":7,"evilcraft:dark_gem":44,"minecraft:leather_helmet":2,"minecraft:stick":4,"skilltree:gem":2,"minecraft:dead_bush":2,"alexsmobs:emu_feather":1,"minecraft:stonecutter":1,"minecraft:bone":1,"minecraft:gravel":4,"minecraft:furnace":3,"biomesoplenty:dried_salt":1,"alexsmobs:animal_dictionary":1,"minecraft:tuff":26,"endrem:rogue_eye":1,"minecraft:pointed_dripstone":5,"minecraft:rotten_flesh":4,"sophisticatedbackpacks:backpack":1,"alexsmobs:emu_egg":2,"biomesoplenty:wildflower":1,"minecraft:oak_sapling":1,"minecraft:arrow":2,"minecraft:wooden_pickaxe":2,"minecraft:stone_pickaxe":1,"minecraft:raw_gold":16}},"DataVersion":3465}