{"stats":{"minecraft:crafted":{"minecraft:oak_planks":48,"minecraft:shield":1,"minecraft:crafting_table":1,"minecraft:stick":4,"minecraft:iron_pickaxe":1,"minecraft:iron_ingot":5,"minecraft:wooden_pickaxe":1,"minecraft:stone_pickaxe":1,"minecraft:furnace":1,"minecraft:stone_axe":1,"minecraft:air":0},"minecraft:picked_up":{"minecraft:raw_iron":13,"minecraft:stick":4,"minecraft:crafting_table":2,"minecraft:dripstone_block":1,"minecraft:gravel":4,"minecraft:tuff":2,"minecraft:oak_log":12,"minecraft:pointed_dripstone":5,"minecraft:lapis_lazuli":41,"minecraft:redstone":125,"skilltree:gem":21,"minecraft:dirt":8,"minecraft:bone":1,"minecraft:cobbled_deepslate":43,"minecraft:raw_gold":7,"samurai_dynasty:straw_hat":1,"minecraft:granite":2,"minecraft:sugar_cane":5,"minecraft:coal":92,"iceandfire:raw_silver":1,"minecraft:cobblestone":32,"minecraft:furnace":1},"minecraft:mined":{"minecraft:deepslate_redstone_ore":28,"minecraft:tall_seagrass":4,"minecraft:tuff":2,"minecraft:furnace":1,"iceandfire:silver_ore":2,"minecraft:iron_ore":2,"minecraft:deepslate_lapis_ore":7,"minecraft:crafting_table":2,"minecraft:granite":2,"minecraft:grass":2,"minecraft:pointed_dripstone":5,"minecraft:oak_log":13,"minecraft:grass_block":2,"minecraft:coal_ore":92,"minecraft:deepslate_iron_ore":11,"minecraft:dead_bush":3,"minecraft:dripstone_block":1,"minecraft:gravel":4,"minecraft:dirt":6,"minecraft:deepslate_gold_ore":7,"minecraft:stone":32,"minecraft:sugar_cane":2,"minecraft:oak_leaves":1,"minecraft:deepslate":43},"minecraft:custom":{"minecraft:time_since_rest":413,"minecraft:interact_with_furnace":4,"minecraft:sprint_one_cm":71033,"minecraft:damage_taken":1695,"minecraft:walk_one_cm":136876,"minecraft:mob_kills":2,"minecraft:damage_dealt":401,"minecraft:interact_with_crafting_table":5,"minecraft:swim_one_cm":10349,"minecraft:fly_one_cm":142572,"minecraft:crouch_one_cm":14804,"minecraft:play_time":29494,"minecraft:deaths":6,"minecraft:sneak_time":3807,"minecraft:walk_under_water_one_cm":1593,"minecraft:jump":702,"minecraft:walk_on_water_one_cm":8023,"minecraft:time_since_death":374,"minecraft:total_world_time":29494,"minecraft:fall_one_cm":28657},"minecraft:killed":{"minecraft:skeleton":1,"minecraft:zombie":1},"minecraft:used":{"minecraft:stone_pickaxe":128,"minecraft:iron_pickaxe":98,"minecraft:wooden_pickaxe":10,"minecraft:stone_axe":22,"minecraft:dirt":8,"minecraft:cobblestone":5,"minecraft:crafting_table":2,"minecraft:furnace":1,"minecraft:dripstone_block":1,"minecraft:cobbled_deepslate":5,"minecraft:granite":2}},"DataVersion":3465}