{"stats":{"minecraft:used":{"minecraft:stone_pickaxe":56,"minecraft:wooden_pickaxe":6,"minecraft:rotten_flesh":3,"minecraft:crafting_table":2,"minecraft:spruce_log":4,"wom:ender_blaster":10,"minecraft:iron_pickaxe":183,"minecraft:stone_axe":27,"minecraft:magma_block":3,"minecraft:sweet_berries":3,"minecraft:furnace":2},"minecraft:killed_by":{"minecraft:player":3},"minecraft:mined":{"samurai_dynasty:spirit_stone_base":4,"minecraft:flowering_azalea":1,"minecraft:crafting_table":2,"minecraft:clay":3,"minecraft:granite":4,"minecraft:grass_block":3,"minecraft:copper_ore":1,"minecraft:lapis_ore":3,"minecraft:moss_block":3,"minecraft:diorite":16,"minecraft:magma_block":5,"minecraft:furnace":1,"minecraft:iron_ore":21,"minecraft:ice":4,"minecraft:spruce_log":14,"minecraft:andesite":21,"minecraft:deepslate_lapis_ore":3,"minecraft:grass":2,"minecraft:coal_ore":24,"minecraft:deepslate_iron_ore":4,"minecraft:sand":1,"minecraft:dirt":11,"minecraft:packed_ice":15,"iceandfire:frost_lily":1,"minecraft:stone":89,"minecraft:deepslate":1},"minecraft:custom":{"minecraft:interact_with_furnace":4,"minecraft:mob_kills":5,"minecraft:interact_with_crafting_table":8,"minecraft:time_since_death":6254,"minecraft:time_since_rest":6277,"minecraft:sprint_one_cm":145690,"minecraft:damage_taken":1605,"minecraft:walk_one_cm":149565,"minecraft:damage_dealt":1029,"minecraft:swim_one_cm":54011,"minecraft:fly_one_cm":314707,"minecraft:player_kills":1,"minecraft:crouch_one_cm":2942,"minecraft:play_time":31619,"minecraft:deaths":6,"minecraft:sneak_time":2184,"minecraft:walk_under_water_one_cm":17577,"minecraft:jump":751,"minecraft:walk_on_water_one_cm":5460,"minecraft:total_world_time":31619,"minecraft:fall_one_cm":17753},"minecraft:killed":{"minecraft:spider":1,"minecraft:zombie":4},"minecraft:crafted":{"minecraft:crafting_table":1,"minecraft:spruce_planks":52,"minecraft:wooden_pickaxe":1,"minecraft:furnace":1,"minecraft:stone_axe":1,"minecraft:air":0,"minecraft:shield":1,"minecraft:stick":8,"minecraft:iron_ingot":4,"minecraft:iron_pickaxe":1,"minecraft:stone_pickaxe":1},"minecraft:picked_up":{"minecraft:magma_block":5,"minecraft:crafting_table":2,"minecraft:clay_ball":12,"minecraft:andesite":21,"wom:ender_blaster":2,"minecraft:lapis_lazuli":33,"minecraft:dirt":13,"minecraft:string":2,"minecraft:moss_carpet":1,"minecraft:raw_copper":4,"minecraft:cobbled_deepslate":1,"iceandfire:frost_lily":1,"minecraft:moss_block":3,"minecraft:flowering_azalea":1,"minecraft:furnace":1,"minecraft:raw_iron":25,"minecraft:sweet_berries":2,"minecraft:sand":1,"minecraft:spruce_sapling":1,"minecraft:diorite":16,"minecraft:spruce_log":17,"minecraft:rotten_flesh":3,"samurai_dynasty:spirit_stone_base":4,"minecraft:granite":4,"minecraft:glow_berries":1,"minecraft:coal":25,"minecraft:cobblestone":87}},"DataVersion":3465}