{"stats":{"minecraft:crafted":{"minecraft:oak_planks":64,"minecraft:crafting_table":1,"minecraft:wooden_pickaxe":1,"minecraft:furnace":1,"minecraft:stone_axe":1,"minecraft:air":0,"minecraft:diamond_pickaxe":1,"minecraft:shield":1,"minecraft:stick":8,"minecraft:iron_ingot":5,"minecraft:iron_pickaxe":1,"minecraft:stone_pickaxe":1},"minecraft:picked_up":{"minecraft:crafting_table":4,"samurai_dynasty:jade":3,"minecraft:wooden_pickaxe":1,"minecraft:tuff":28,"minecraft:oak_log":16,"skilltree:gem":34,"minecraft:lapis_lazuli":41,"minecraft:dirt":8,"evilcraft:poison_sac":1,"minecraft:bone":1,"minecraft:cobbled_deepslate":197,"minecraft:raw_gold":16,"minecraft:sugar_cane":5,"minecraft:furnace":1,"minecraft:stick":4,"minecraft:raw_iron":41,"minecraft:dripstone_block":3,"minecraft:gravel":4,"epicfight:skillbook":1,"minecraft:sand":1,"minecraft:pointed_dripstone":5,"minecraft:redstone":125,"minecraft:diamond":42,"evilcraft:dark_gem":22,"samurai_dynasty:straw_hat":1,"minecraft:granite":9,"minecraft:oak_sapling":1,"endrem:rogue_eye":1,"minecraft:coal":92,"iceandfire:raw_silver":1,"minecraft:cobblestone":187},"minecraft:mined":{"minecraft:infested_deepslate":3,"minecraft:deepslate_redstone_ore":28,"minecraft:diamond_ore":3,"minecraft:tuff":39,"iceandfire:silver_ore":2,"minecraft:deepslate_diamond_ore":39,"minecraft:orange_terracotta":2,"minecraft:crafting_table":3,"minecraft:light_gray_terracotta":1,"minecraft:granite":7,"minecraft:red_sand":1,"minecraft:grass_block":2,"minecraft:dead_bush":3,"minecraft:cobblestone":1,"minecraft:deepslate_gold_ore":16,"minecraft:sugar_cane":2,"minecraft:white_terracotta":1,"minecraft:tall_seagrass":4,"minecraft:furnace":1,"evilcraft:dark_ore_deepslate":5,"minecraft:iron_ore":28,"samurai_dynasty:deepslate_jade_ore":3,"minecraft:deepslate_lapis_ore":7,"minecraft:grass":2,"minecraft:coal_ore":92,"minecraft:pointed_dripstone":5,"minecraft:oak_log":17,"minecraft:deepslate_iron_ore":14,"minecraft:gravel":4,"minecraft:dripstone_block":11,"minecraft:dirt":6,"minecraft:brown_terracotta":2,"minecraft:terracotta":6,"minecraft:stone":135,"minecraft:oak_leaves":5,"minecraft:deepslate":287},"minecraft:broken":{"minecraft:iron_pickaxe":1},"minecraft:custom":{"minecraft:interact_with_furnace":4,"minecraft:mob_kills":9,"minecraft:interact_with_crafting_table":7,"minecraft:time_since_death":111,"minecraft:time_since_rest":143,"minecraft:sprint_one_cm":117793,"minecraft:damage_taken":2478,"minecraft:walk_one_cm":211115,"minecraft:drop":16,"minecraft:damage_dealt":1027,"minecraft:swim_one_cm":39797,"minecraft:fly_one_cm":327587,"minecraft:open_chest":2,"minecraft:crouch_one_cm":35044,"minecraft:play_time":53494,"minecraft:deaths":9,"minecraft:sneak_time":8456,"minecraft:walk_under_water_one_cm":2964,"minecraft:jump":959,"minecraft:walk_on_water_one_cm":20891,"minecraft:total_world_time":53494,"minecraft:fall_one_cm":36112},"minecraft:killed":{"alexsmobs:guster":1,"minecraft:skeleton":1,"evilcraft:poisonous_libelle":1,"minecraft:zombie":1,"minecraft:silverfish":4,"alexsmobs:triops":1},"minecraft:dropped":{"minecraft:furnace":1,"alexsmobs:animal_dictionary":1,"minecraft:crafting_table":1,"minecraft:dripstone_block":1,"minecraft:tuff":26,"minecraft:pointed_dripstone":5,"endrem:rogue_eye":1,"minecraft:cobblestone":45,"minecraft:granite":7,"minecraft:oak_sapling":1,"minecraft:wooden_pickaxe":2,"minecraft:stone_pickaxe":1,"minecraft:bone":1},"minecraft:used":{"epicfight:skillbook":1,"minecraft:stone_pickaxe":128,"minecraft:wooden_pickaxe":10,"minecraft:dirt":8,"minecraft:crafting_table":4,"minecraft:dripstone_block":2,"minecraft:granite":2,"minecraft:diamond_pickaxe":355,"minecraft:iron_pickaxe":250,"minecraft:stone_axe":41,"minecraft:cobblestone":12,"minecraft:furnace":1,"minecraft:cobbled_deepslate":5},"minecraft:killed_by":{"alexsmobs:guster":1,"cave_dweller:cave_dweller":1}},"DataVersion":3465}