{"stats":{"minecraft:broken":{"minecraft:stone_axe":1,"minecraft:iron_pickaxe":1},"minecraft:killed":{"minecraft:husk":2,"alexsmobs:guster":1,"minecraft:spider":7,"alexsmobs:emu":1,"minecraft:skeleton":2,"minecraft:zombie":2,"evilcraft:poisonous_libelle":1,"minecraft:silverfish":4,"alexsmobs:kangaroo":2,"alexsmobs:triops":1},"minecraft:custom":{"minecraft:interact_with_furnace":7,"minecraft:mob_kills":23,"minecraft:interact_with_crafting_table":14,"minecraft:leave_game":1,"minecraft:time_since_death":5874,"minecraft:time_since_rest":5899,"minecraft:sprint_one_cm":190339,"minecraft:damage_taken":3197,"minecraft:walk_one_cm":274146,"minecraft:damage_blocked_by_shield":420,"minecraft:drop":36,"minecraft:damage_dealt":4071,"minecraft:damage_dealt_absorbed":80,"minecraft:swim_one_cm":47369,"minecraft:fly_one_cm":487193,"minecraft:open_chest":2,"minecraft:play_time":71584,"minecraft:crouch_one_cm":41620,"minecraft:deaths":11,"minecraft:sneak_time":9649,"minecraft:walk_under_water_one_cm":3628,"minecraft:boat_one_cm":70880,"minecraft:jump":1276,"minecraft:walk_on_water_one_cm":26498,"minecraft:total_world_time":71584,"minecraft:fall_one_cm":45219},"minecraft:crafted":{"minecraft:oak_planks":64,"minecraft:crafting_table":3,"minecraft:wooden_pickaxe":1,"minecraft:furnace":3,"minecraft:stone_axe":1,"minecraft:air":0,"minecraft:oak_boat":1,"minecraft:leather":1,"minecraft:diamond_pickaxe":1,"minecraft:shield":1,"minecraft:stick":8,"minecraft:iron_ingot":5,"minecraft:iron_pickaxe":1,"minecraft:stone_pickaxe":1,"biomesoplenty:palm_planks":4},"minecraft:killed_by":{"alexsmobs:guster":1,"minecraft:spider":1,"alexsmobs:kangaroo":1,"cave_dweller:cave_dweller":1},"minecraft:mined":{"minecraft:infested_deepslate":3,"minecraft:deepslate_redstone_ore":28,"minecraft:diamond_ore":3,"minecraft:tuff":39,"iceandfire:silver_ore":2,"minecraft:deepslate_diamond_ore":39,"biomesoplenty:desert_grass":1,"minecraft:orange_terracotta":2,"minecraft:stone_brick_slab":1,"minecraft:crafting_table":3,"minecraft:light_gray_terracotta":1,"minecraft:granite":7,"minecraft:red_sand":1,"minecraft:grass_block":2,"minecraft:dead_bush":4,"biomesoplenty:dried_salt":1,"minecraft:cobblestone":1,"minecraft:deepslate_gold_ore":16,"minecraft:oak_planks":6,"minecraft:sugar_cane":8,"biomesoplenty:palm_log":1,"minecraft:white_terracotta":1,"minecraft:tall_seagrass":4,"minecraft:furnace":1,"evilcraft:dark_ore_deepslate":5,"minecraft:iron_ore":28,"samurai_dynasty:deepslate_jade_ore":3,"minecraft:deepslate_lapis_ore":7,"minecraft:grass":2,"minecraft:coal_ore":92,"minecraft:pointed_dripstone":5,"minecraft:oak_log":17,"minecraft:deepslate_iron_ore":14,"minecraft:gravel":4,"minecraft:dripstone_block":11,"minecraft:dirt":6,"minecraft:brown_terracotta":2,"minecraft:terracotta":6,"minecraft:stone":135,"minecraft:oak_leaves":5,"minecraft:deepslate":287},"minecraft:picked_up":{"minecraft:crafting_table":4,"biomesoplenty:dried_salt":1,"samurai_dynasty:jade":3,"minecraft:wooden_pickaxe":1,"minecraft:tuff":28,"minecraft:oak_log":16,"minecraft:lapis_lazuli":41,"skilltree:gem":36,"minecraft:dirt":8,"minecraft:string":13,"evilcraft:poison_sac":1,"minecraft:bone":1,"alexsmobs:emu_feather":1,"minecraft:cobbled_deepslate":197,"minecraft:raw_gold":32,"minecraft:oak_boat":5,"minecraft:sugar_cane":21,"minecraft:oak_planks":110,"minecraft:furnace":1,"minecraft:stick":6,"minecraft:raw_iron":41,"sophisticatedbackpacks:backpack":2,"minecraft:dripstone_block":3,"minecraft:gravel":4,"epicfight:skillbook":1,"minecraft:sand":1,"minecraft:pointed_dripstone":5,"minecraft:redstone":125,"minecraft:leather_helmet":3,"alexsmobs:kangaroo_hide":4,"minecraft:arrow":3,"minecraft:rotten_flesh":2,"minecraft:diamond":42,"biomesoplenty:palm_log":1,"evilcraft:dark_gem":66,"samurai_dynasty:straw_hat":1,"minecraft:granite":9,"alexsmobs:emu_egg":4,"minecraft:oak_sapling":1,"endrem:rogue_eye":1,"minecraft:coal":92,"alexsmobs:kangaroo_meat":4,"iceandfire:raw_silver":1,"minecraft:cobblestone":187},"minecraft:used":{"epicfight:skillbook":1,"minecraft:stone_pickaxe":128,"minecraft:oak_planks":20,"minecraft:wooden_pickaxe":10,"minecraft:shield":7,"minecraft:dirt":8,"minecraft:crafting_table":6,"minecraft:dripstone_block":2,"minecraft:granite":2,"minecraft:diamond_pickaxe":366,"minecraft:iron_pickaxe":250,"biomesoplenty:palm_planks":4,"minecraft:stone_axe":88,"minecraft:cobblestone":12,"minecraft:furnace":3,"minecraft:oak_boat":5,"minecraft:cobbled_deepslate":5},"minecraft:dropped":{"minecraft:gravel":4,"minecraft:iron_ingot":1,"minecraft:furnace":1,"biomesoplenty:dried_salt":1,"iceandfire:raw_silver":1,"alexsmobs:animal_dictionary":1,"minecraft:crafting_table":1,"minecraft:tuff":26,"minecraft:dripstone_block":1,"endrem:rogue_eye":1,"minecraft:pointed_dripstone":5,"minecraft:rotten_flesh":2,"minecraft:cobblestone":109,"sophisticatedbackpacks:backpack":1,"minecraft:granite":7,"evilcraft:dark_gem":44,"alexsmobs:emu_egg":2,"minecraft:leather_helmet":2,"minecraft:stick":4,"skilltree:gem":2,"minecraft:oak_sapling":1,"minecraft:arrow":2,"alexsmobs:emu_feather":1,"minecraft:wooden_pickaxe":2,"minecraft:stone_pickaxe":1,"minecraft:raw_gold":16,"minecraft:bone":1}},"DataVersion":3465}