{"stats":{"minecraft:crafted":{"minecraft:oak_planks":12,"minecraft:crafting_table":1,"minecraft:stick":4,"minecraft:wooden_pickaxe":1,"minecraft:stone_pickaxe":1,"minecraft:stone_axe":1},"minecraft:mined":{"minecraft:tall_seagrass":4,"iceandfire:silver_ore":2,"minecraft:iron_ore":1,"minecraft:crafting_table":1,"minecraft:granite":2,"minecraft:grass":2,"minecraft:oak_log":13,"minecraft:grass_block":2,"minecraft:coal_ore":90,"minecraft:dead_bush":3,"minecraft:gravel":4,"minecraft:dirt":2,"minecraft:stone":29,"minecraft:sugar_cane":2,"minecraft:oak_leaves":1},"minecraft:picked_up":{"minecraft:raw_iron":1,"minecraft:stick":4,"minecraft:crafting_table":1,"minecraft:gravel":4,"minecraft:oak_log":12,"skilltree:gem":15,"minecraft:dirt":4,"minecraft:bone":1,"minecraft:granite":2,"minecraft:sugar_cane":5,"minecraft:coal":90,"iceandfire:raw_silver":1,"minecraft:cobblestone":29},"minecraft:custom":{"minecraft:time_since_rest":6135,"minecraft:sprint_one_cm":55424,"minecraft:damage_taken":1445,"minecraft:walk_one_cm":54754,"minecraft:mob_kills":1,"minecraft:damage_dealt":200,"minecraft:interact_with_crafting_table":2,"minecraft:swim_one_cm":7946,"minecraft:fly_one_cm":137501,"minecraft:crouch_one_cm":3246,"minecraft:play_time":17494,"minecraft:deaths":4,"minecraft:sneak_time":909,"minecraft:walk_under_water_one_cm":1151,"minecraft:jump":490,"minecraft:walk_on_water_one_cm":5808,"minecraft:time_since_death":6075,"minecraft:total_world_time":17494,"minecraft:fall_one_cm":26274},"minecraft:killed":{"minecraft:skeleton":1},"minecraft:used":{"minecraft:stone_pickaxe":115,"minecraft:wooden_pickaxe":10,"minecraft:stone_axe":14,"minecraft:crafting_table":1}},"DataVersion":3465}