{"stats":{"minecraft:crafted":{"minecraft:oak_planks":48,"minecraft:crafting_table":1,"minecraft:wooden_pickaxe":1,"minecraft:furnace":1,"minecraft:stone_axe":1,"minecraft:air":0,"minecraft:shield":1,"minecraft:stick":4,"minecraft:iron_ingot":5,"minecraft:iron_pickaxe":1,"minecraft:stone_pickaxe":1},"minecraft:mined":{"minecraft:deepslate_redstone_ore":28,"minecraft:diamond_ore":3,"minecraft:tuff":2,"iceandfire:silver_ore":2,"minecraft:orange_terracotta":2,"minecraft:crafting_table":3,"minecraft:light_gray_terracotta":1,"minecraft:granite":7,"minecraft:red_sand":1,"minecraft:grass_block":2,"minecraft:dead_bush":3,"minecraft:cobblestone":1,"minecraft:deepslate_gold_ore":7,"minecraft:sugar_cane":2,"minecraft:white_terracotta":1,"minecraft:tall_seagrass":4,"minecraft:furnace":1,"minecraft:iron_ore":28,"minecraft:deepslate_lapis_ore":7,"minecraft:grass":2,"minecraft:coal_ore":92,"minecraft:pointed_dripstone":5,"minecraft:oak_log":17,"minecraft:deepslate_iron_ore":11,"minecraft:gravel":4,"minecraft:dripstone_block":1,"minecraft:dirt":6,"minecraft:brown_terracotta":2,"minecraft:terracotta":6,"minecraft:stone":127,"minecraft:oak_leaves":5,"minecraft:deepslate":46},"minecraft:picked_up":{"minecraft:crafting_table":4,"minecraft:tuff":2,"minecraft:oak_log":16,"skilltree:gem":23,"minecraft:lapis_lazuli":41,"minecraft:dirt":8,"evilcraft:poison_sac":1,"minecraft:bone":1,"minecraft:cobbled_deepslate":46,"minecraft:raw_gold":7,"minecraft:sugar_cane":5,"minecraft:furnace":1,"minecraft:stick":4,"minecraft:raw_iron":38,"minecraft:dripstone_block":1,"minecraft:gravel":4,"epicfight:skillbook":1,"minecraft:sand":1,"minecraft:pointed_dripstone":5,"minecraft:redstone":125,"minecraft:diamond":3,"samurai_dynasty:straw_hat":1,"minecraft:granite":9,"minecraft:oak_sapling":1,"endrem:rogue_eye":1,"minecraft:coal":92,"iceandfire:raw_silver":1,"minecraft:cobblestone":127},"minecraft:custom":{"minecraft:interact_with_furnace":4,"minecraft:mob_kills":5,"minecraft:interact_with_crafting_table":6,"minecraft:time_since_death":7876,"minecraft:time_since_rest":7904,"minecraft:sprint_one_cm":115793,"minecraft:damage_taken":2054,"minecraft:walk_one_cm":169902,"minecraft:drop":7,"minecraft:damage_dealt":707,"minecraft:swim_one_cm":39797,"minecraft:fly_one_cm":320564,"minecraft:open_chest":2,"minecraft:crouch_one_cm":16369,"minecraft:play_time":41494,"minecraft:deaths":7,"minecraft:sneak_time":4316,"minecraft:walk_under_water_one_cm":2964,"minecraft:jump":885,"minecraft:walk_on_water_one_cm":20891,"minecraft:total_world_time":41494,"minecraft:fall_one_cm":33564},"minecraft:killed":{"alexsmobs:guster":1,"minecraft:skeleton":1,"evilcraft:poisonous_libelle":1,"minecraft:zombie":1,"alexsmobs:triops":1},"minecraft:dropped":{"minecraft:crafting_table":1,"minecraft:pointed_dripstone":5,"endrem:rogue_eye":1,"minecraft:granite":7,"minecraft:stone_pickaxe":1},"minecraft:used":{"epicfight:skillbook":1,"minecraft:stone_pickaxe":128,"minecraft:wooden_pickaxe":10,"minecraft:dirt":8,"minecraft:crafting_table":3,"minecraft:dripstone_block":1,"minecraft:granite":2,"minecraft:iron_pickaxe":244,"minecraft:stone_axe":36,"minecraft:cobblestone":5,"minecraft:furnace":1,"minecraft:cobbled_deepslate":5},"minecraft:killed_by":{"alexsmobs:guster":1}},"DataVersion":3465}