{"stats":{"minecraft:broken":{"minecraft:stone_axe":1,"minecraft:iron_pickaxe":1},"minecraft:killed":{"minecraft:spider":7,"minecraft:skeleton":2,"minecraft:silverfish":4,"alexsmobs:kangaroo":2,"alexsmobs:triops":1,"minecraft:husk":2,"alexsmobs:guster":1,"minecraft:rabbit":3,"alexsmobs:emu":1,"evilcraft:poisonous_libelle":1,"minecraft:zombie":2},"minecraft:custom":{"minecraft:mob_kills":26,"minecraft:interact_with_crafting_table":21,"minecraft:leave_game":1,"minecraft:time_since_death":213,"minecraft:sprint_one_cm":230627,"minecraft:walk_one_cm":296538,"minecraft:damage_blocked_by_shield":420,"minecraft:drop":37,"minecraft:damage_dealt_absorbed":80,"minecraft:play_time":83584,"minecraft:deaths":16,"minecraft:sneak_time":9963,"minecraft:walk_under_water_one_cm":4298,"minecraft:boat_one_cm":70880,"minecraft:jump":1591,"minecraft:walk_on_water_one_cm":29608,"minecraft:total_world_time":83584,"minecraft:interact_with_furnace":23,"minecraft:time_since_rest":228,"minecraft:damage_taken":4197,"minecraft:damage_dealt":4161,"minecraft:swim_one_cm":63308,"minecraft:fly_one_cm":609771,"minecraft:open_chest":2,"minecraft:crouch_one_cm":43475,"minecraft:fall_one_cm":58090},"minecraft:crafted":{"minecraft:oak_planks":64,"minecraft:furnace":3,"sophisticatedbackpacks:crafting_upgrade":1,"minecraft:bow":1,"minecraft:leather":2,"minecraft:stone_pickaxe":1,"minecraft:chest":1,"sophisticatedbackpacks:iron_backpack":1,"minecraft:diamond_axe":1,"minecraft:crafting_table":4,"minecraft:wooden_pickaxe":1,"sophisticatedbackpacks:gold_backpack":1,"minecraft:stone_axe":1,"sophisticatedbackpacks:upgrade_base":1,"minecraft:air":0,"minecraft:oak_boat":1,"minecraft:diamond_pickaxe":1,"minecraft:shield":1,"sophisticatedbackpacks:diamond_backpack":1,"minecraft:stick":8,"minecraft:iron_ingot":19,"minecraft:iron_pickaxe":1,"minecraft:gold_ingot":8,"biomesoplenty:palm_planks":4},"minecraft:killed_by":{"minecraft:spider":1,"alexsmobs:guster":1,"alexsmobs:kangaroo":1,"cave_dweller:cave_dweller":1},"minecraft:mined":{"minecraft:infested_deepslate":3,"minecraft:diamond_ore":3,"minecraft:tuff":39,"iceandfire:silver_ore":4,"minecraft:deepslate_diamond_ore":39,"biomesoplenty:desert_grass":1,"minecraft:granite":7,"minecraft:red_sand":1,"minecraft:grass_block":2,"biomesoplenty:dried_salt":2,"biomesoplenty:palm_log":1,"minecraft:tall_seagrass":4,"minecraft:furnace":3,"minecraft:iron_ore":28,"minecraft:deepslate_lapis_ore":7,"minecraft:pointed_dripstone":5,"minecraft:deepslate_iron_ore":14,"minecraft:stone":135,"minecraft:deepslate_redstone_ore":28,"minecraft:orange_terracotta":2,"minecraft:stone_brick_slab":1,"minecraft:crafting_table":4,"minecraft:light_gray_terracotta":1,"minecraft:dead_bush":4,"minecraft:cobblestone":1,"minecraft:deepslate_gold_ore":16,"minecraft:sugar_cane":8,"minecraft:oak_planks":20,"minecraft:white_terracotta":1,"evilcraft:dark_ore_deepslate":5,"samurai_dynasty:deepslate_jade_ore":3,"minecraft:grass":2,"minecraft:oak_log":17,"minecraft:coal_ore":92,"minecraft:dirt":6,"minecraft:dripstone_block":11,"minecraft:gravel":4,"minecraft:brown_terracotta":2,"minecraft:terracotta":6,"minecraft:oak_leaves":5,"minecraft:deepslate":287},"minecraft:used":{"minecraft:shield":7,"minecraft:dirt":8,"minecraft:granite":2,"minecraft:furnace":3,"minecraft:cobbled_deepslate":5,"epicfight:skillbook":1,"minecraft:stone_pickaxe":128,"minecraft:oak_planks":20,"minecraft:wooden_pickaxe":10,"minecraft:diamond_axe":21,"minecraft:crafting_table":6,"minecraft:dripstone_block":2,"minecraft:diamond_pickaxe":370,"minecraft:iron_pickaxe":250,"biomesoplenty:palm_planks":4,"minecraft:stone_axe":88,"minecraft:cobblestone":12,"minecraft:oak_boat":5},"minecraft:picked_up":{"minecraft:crafting_table":5,"minecraft:wooden_pickaxe":1,"minecraft:string":13,"evilcraft:poison_sac":1,"alexsmobs:emu_feather":1,"minecraft:cobbled_deepslate":197,"minecraft:oak_boat":5,"minecraft:sugar_cane":21,"minecraft:furnace":3,"minecraft:raw_iron":41,"minecraft:stick":6,"epicfight:skillbook":1,"sophisticatedbackpacks:backpack":2,"minecraft:pointed_dripstone":5,"minecraft:redstone":125,"minecraft:arrow":3,"minecraft:rotten_flesh":2,"biomesoplenty:palm_log":1,"alexsmobs:emu_egg":4,"endrem:rogue_eye":1,"alexsmobs:kangaroo_meat":4,"minecraft:cobblestone":187,"biomesoplenty:dried_salt":1,"samurai_dynasty:jade":3,"minecraft:tuff":28,"minecraft:oak_log":16,"skilltree:gem":36,"minecraft:lapis_lazuli":41,"minecraft:dirt":8,"minecraft:bone":1,"minecraft:raw_gold":32,"minecraft:rabbit_hide":4,"minecraft:rabbit":4,"minecraft:oak_planks":124,"minecraft:gravel":4,"minecraft:dripstone_block":3,"minecraft:sand":1,"minecraft:leather_helmet":3,"alexsmobs:kangaroo_hide":4,"minecraft:diamond":42,"evilcraft:dark_gem":66,"samurai_dynasty:straw_hat":1,"minecraft:granite":9,"minecraft:oak_sapling":1,"minecraft:coal":103,"iceandfire:raw_silver":2},"minecraft:dropped":{"minecraft:iron_ingot":1,"iceandfire:raw_silver":2,"minecraft:crafting_table":1,"minecraft:dripstone_block":1,"minecraft:cobblestone":109,"minecraft:granite":7,"evilcraft:dark_gem":44,"minecraft:leather_helmet":2,"minecraft:stick":4,"skilltree:gem":2,"alexsmobs:emu_feather":1,"minecraft:bone":1,"minecraft:gravel":4,"minecraft:furnace":1,"biomesoplenty:dried_salt":1,"alexsmobs:animal_dictionary":1,"minecraft:tuff":26,"minecraft:pointed_dripstone":5,"endrem:rogue_eye":1,"minecraft:rotten_flesh":2,"sophisticatedbackpacks:backpack":1,"alexsmobs:emu_egg":2,"minecraft:oak_sapling":1,"minecraft:arrow":2,"minecraft:stone_pickaxe":1,"minecraft:wooden_pickaxe":2,"minecraft:raw_gold":16}},"DataVersion":3465}