{"stats":{"minecraft:broken":{"minecraft:stone_axe":1,"minecraft:iron_pickaxe":1},"minecraft:killed":{"minecraft:spider":7,"alexsmobs:rattlesnake":1,"minecraft:skeleton":2,"minecraft:chicken":3,"minecraft:silverfish":4,"alexsmobs:kangaroo":2,"alexsmobs:triops":1,"minecraft:cat":1,"minecraft:husk":2,"alexsmobs:guster":1,"minecraft:rabbit":3,"alexsmobs:emu":1,"evilcraft:poisonous_libelle":1,"minecraft:zombie":2},"minecraft:custom":{"minecraft:mob_kills":31,"minecraft:interact_with_crafting_table":21,"minecraft:bell_ring":21,"minecraft:leave_game":2,"minecraft:time_since_death":12758,"minecraft:sprint_one_cm":374684,"minecraft:walk_one_cm":536500,"minecraft:damage_blocked_by_shield":450,"minecraft:drop":42,"minecraft:damage_dealt_absorbed":80,"minecraft:talked_to_villager":16,"minecraft:play_time":123561,"minecraft:deaths":19,"minecraft:sneak_time":14054,"minecraft:walk_under_water_one_cm":15765,"minecraft:boat_one_cm":71254,"minecraft:jump":2478,"minecraft:walk_on_water_one_cm":35431,"minecraft:total_world_time":123561,"minecraft:interact_with_furnace":32,"minecraft:traded_with_villager":2,"minecraft:interact_with_stonecutter":6,"minecraft:sleep_in_bed":2,"minecraft:time_since_rest":2765,"minecraft:damage_taken":4857,"minecraft:damage_dealt":4461,"minecraft:swim_one_cm":77475,"minecraft:fly_one_cm":908578,"minecraft:open_chest":4,"minecraft:crouch_one_cm":73429,"minecraft:fall_one_cm":81753},"minecraft:crafted":{"minecraft:oak_planks":64,"minecraft:furnace":3,"sophisticatedbackpacks:crafting_upgrade":1,"sophisticatedbackpacks:smelting_upgrade":1,"minecraft:bow":1,"minecraft:leather":2,"minecraft:stone_pickaxe":1,"minecraft:chest":1,"sophisticatedbackpacks:iron_backpack":1,"minecraft:arrow":16,"minecraft:emerald":1,"biomesoplenty:jacaranda_planks":8,"minecraft:diamond_axe":1,"minecraft:crafting_table":4,"minecraft:wooden_pickaxe":1,"sophisticatedbackpacks:gold_backpack":1,"minecraft:stone_axe":1,"sophisticatedbackpacks:upgrade_base":2,"minecraft:air":0,"minecraft:oak_boat":1,"minecraft:diamond_pickaxe":1,"minecraft:shield":1,"sophisticatedbackpacks:diamond_backpack":1,"minecraft:stick":8,"minecraft:iron_ingot":26,"minecraft:iron_pickaxe":1,"minecraft:gold_ingot":8,"minecraft:stonecutter":1,"biomesoplenty:palm_planks":4},"minecraft:killed_by":{"minecraft:spider":1,"alexsmobs:guster":1,"alexsmobs:kangaroo":1,"cave_dweller:cave_dweller":1},"minecraft:mined":{"minecraft:infested_deepslate":3,"minecraft:deepslate_tiles":2,"minecraft:diamond_ore":3,"minecraft:tuff":39,"iceandfire:silver_ore":4,"minecraft:deepslate_diamond_ore":39,"biomesoplenty:desert_grass":18,"minecraft:granite":7,"biomesoplenty:bush":2,"minecraft:red_sand":1,"minecraft:grass_block":2,"minecraft:deepslate_bricks":7,"biomesoplenty:dried_salt":38,"biomesoplenty:orange_sandstone":59,"biomesoplenty:dune_grass":21,"biomesoplenty:palm_log":1,"minecraft:hay_block":14,"minecraft:tall_seagrass":4,"biomesoplenty:jacaranda_log":10,"minecraft:furnace":4,"minecraft:iron_ore":28,"biomesoplenty:lavender":2,"minecraft:fletching_table":11,"minecraft:deepslate_lapis_ore":7,"minecraft:bell":1,"minecraft:pointed_dripstone":5,"minecraft:deepslate_iron_ore":14,"minecraft:stone":139,"minecraft:bone_block":103,"biomesoplenty:jacaranda_leaves":61,"minecraft:deepslate_redstone_ore":28,"biomesoplenty:orange_sand":1,"biomesoplenty:wildflower":1,"minecraft:orange_terracotta":2,"minecraft:stone_brick_slab":1,"minecraft:crafting_table":4,"minecraft:light_gray_terracotta":1,"minecraft:dead_bush":4,"minecraft:cobblestone":1,"minecraft:cyan_bed":3,"biomesoplenty:sprout":11,"minecraft:deepslate_gold_ore":16,"minecraft:sugar_cane":17,"minecraft:oak_planks":41,"minecraft:white_terracotta":1,"minecraft:lime_bed":2,"minecraft:cactus":1,"evilcraft:dark_ore_deepslate":5,"samurai_dynasty:deepslate_jade_ore":3,"minecraft:grass":9,"minecraft:oak_log":17,"minecraft:coal_ore":92,"minecraft:dirt":6,"minecraft:dripstone_block":11,"minecraft:gravel":41,"minecraft:brown_terracotta":2,"minecraft:terracotta":6,"minecraft:stonecutter":1,"minecraft:oak_leaves":5,"minecraft:deepslate":290},"minecraft:used":{"minecraft:shield":8,"minecraft:bell":1,"minecraft:dirt":8,"minecraft:granite":2,"biomesoplenty:orange_sandstone":57,"minecraft:hay_block":1,"minecraft:furnace":4,"minecraft:cobbled_deepslate":8,"epicfight:skillbook":1,"minecraft:stone_pickaxe":128,"minecraft:oak_planks":41,"minecraft:wooden_pickaxe":10,"minecraft:fletching_table":13,"minecraft:stonecutter":2,"minecraft:diamond_axe":82,"minecraft:sugar_cane":12,"minecraft:deepslate_bricks":87,"minecraft:lime_bed":2,"minecraft:crafting_table":6,"minecraft:dripstone_block":2,"minecraft:deepslate_tiles":63,"minecraft:diamond_pickaxe":595,"minecraft:cyan_bed":3,"minecraft:iron_pickaxe":250,"minecraft:gravel":31,"minecraft:deepslate":3,"biomesoplenty:palm_planks":4,"biomesoplenty:dried_salt":14,"minecraft:stone_axe":88,"minecraft:cobblestone":12,"minecraft:cooked_rabbit":1,"minecraft:oak_boat":6},"minecraft:picked_up":{"minecraft:crafting_table":5,"minecraft:chicken":3,"minecraft:wooden_pickaxe":1,"biomesoplenty:jacaranda_sapling":3,"minecraft:string":13,"evilcraft:poison_sac":1,"minecraft:deepslate_tiles":2,"alexsmobs:emu_feather":1,"minecraft:cobbled_deepslate":200,"minecraft:oak_boat":6,"biomesoplenty:wildflower":1,"minecraft:sugar_cane":33,"minecraft:furnace":5,"minecraft:raw_iron":41,"minecraft:stick":9,"epicfight:skillbook":1,"sophisticatedbackpacks:backpack":2,"minecraft:pointed_dripstone":5,"minecraft:redstone":125,"minecraft:cactus":1,"minecraft:arrow":3,"minecraft:rotten_flesh":2,"biomesoplenty:jacaranda_log":10,"biomesoplenty:palm_log":1,"biomesoplenty:orange_sandstone":57,"minecraft:deepslate_bricks":7,"minecraft:hay_block":14,"alexsmobs:emu_egg":4,"endrem:rogue_eye":1,"minecraft:bone_block":96,"alexsmobs:kangaroo_meat":4,"minecraft:cobblestone":191,"minecraft:lime_bed":2,"minecraft:feather":4,"biomesoplenty:dried_salt":37,"samurai_dynasty:jade":3,"minecraft:flint":4,"minecraft:tuff":28,"minecraft:oak_log":16,"skilltree:gem":36,"minecraft:lapis_lazuli":41,"minecraft:dirt":8,"minecraft:bone":1,"minecraft:stonecutter":2,"minecraft:wheat_seeds":1,"minecraft:raw_gold":32,"minecraft:bell":1,"minecraft:rabbit_hide":4,"minecraft:fletching_table":11,"minecraft:rabbit":4,"minecraft:oak_planks":145,"minecraft:gravel":37,"minecraft:dripstone_block":3,"minecraft:sand":1,"minecraft:cyan_bed":3,"minecraft:leather_helmet":3,"alexsmobs:kangaroo_hide":4,"minecraft:diamond":42,"evilcraft:dark_gem":66,"samurai_dynasty:straw_hat":1,"minecraft:granite":9,"minecraft:oak_sapling":1,"minecraft:coal":103,"iceandfire:raw_silver":2},"minecraft:dropped":{"minecraft:iron_ingot":1,"iceandfire:raw_silver":2,"minecraft:wheat_seeds":1,"minecraft:crafting_table":1,"minecraft:dripstone_block":1,"minecraft:cobblestone":109,"minecraft:granite":7,"evilcraft:dark_gem":44,"minecraft:leather_helmet":2,"minecraft:stick":4,"skilltree:gem":2,"alexsmobs:emu_feather":1,"minecraft:stonecutter":1,"minecraft:bone":1,"minecraft:gravel":4,"minecraft:furnace":3,"biomesoplenty:dried_salt":1,"alexsmobs:animal_dictionary":1,"minecraft:tuff":26,"minecraft:pointed_dripstone":5,"endrem:rogue_eye":1,"minecraft:rotten_flesh":2,"sophisticatedbackpacks:backpack":1,"alexsmobs:emu_egg":2,"biomesoplenty:wildflower":1,"minecraft:oak_sapling":1,"minecraft:arrow":2,"minecraft:stone_pickaxe":1,"minecraft:wooden_pickaxe":2,"minecraft:raw_gold":16}},"DataVersion":3465}