{"stats":{"minecraft:crafted":{"minecraft:oak_planks":12,"minecraft:crafting_table":1,"minecraft:stick":4,"minecraft:wooden_pickaxe":1},"minecraft:picked_up":{"minecraft:stick":4,"minecraft:oak_log":3,"minecraft:sugar_cane":5,"minecraft:dirt":3},"minecraft:mined":{"minecraft:grass":2,"minecraft:grass_block":2,"minecraft:tall_seagrass":4,"minecraft:oak_log":3,"minecraft:dead_bush":3,"minecraft:dirt":1,"minecraft:sugar_cane":2},"minecraft:custom":{"minecraft:time_since_rest":5494,"minecraft:crouch_one_cm":17,"minecraft:play_time":5494,"minecraft:sprint_one_cm":23494,"minecraft:damage_taken":20,"minecraft:walk_one_cm":5016,"minecraft:sneak_time":18,"minecraft:jump":235,"minecraft:time_since_death":5494,"minecraft:walk_on_water_one_cm":1236,"minecraft:total_world_time":5494,"minecraft:swim_one_cm":5875,"minecraft:interact_with_crafting_table":1,"minecraft:fall_one_cm":3748,"minecraft:fly_one_cm":85466},"minecraft:used":{"minecraft:crafting_table":1}},"DataVersion":3465}