{"stats":{"minecraft:used":{"minecraft:stone_pickaxe":56,"minecraft:wooden_pickaxe":6,"minecraft:shield":14,"minecraft:rotten_flesh":3,"minecraft:glow_berries":19,"minecraft:crafting_table":4,"minecraft:spruce_log":4,"wom:ender_blaster":14,"minecraft:iron_axe":50,"minecraft:iron_pickaxe":290,"minecraft:stone_axe":30,"minecraft:magma_block":3,"minecraft:cobblestone":12,"minecraft:sweet_berries":3,"minecraft:furnace":4,"minecraft:cobbled_deepslate":10},"minecraft:killed_by":{"minecraft:player":4,"iceandfire:ice_dragon":3,"minecraft:skeleton":1},"minecraft:dropped":{"minecraft:cobbled_deepslate":1,"wom:ender_blaster":1,"minecraft:cobblestone":1,"minecraft:glow_berries":1,"minecraft:shield":2,"minecraft:arrow":1,"minecraft:stone_pickaxe":1,"minecraft:wooden_pickaxe":1,"minecraft:iron_pickaxe":1},"minecraft:custom":{"minecraft:interact_with_furnace":27,"minecraft:mob_kills":21,"minecraft:interact_with_crafting_table":14,"minecraft:leave_game":1,"minecraft:time_since_death":850,"minecraft:climb_one_cm":3160,"minecraft:time_since_rest":879,"minecraft:sprint_one_cm":220137,"minecraft:damage_taken":3564,"minecraft:walk_one_cm":232219,"minecraft:damage_blocked_by_shield":710,"minecraft:drop":10,"minecraft:damage_dealt":4679,"minecraft:swim_one_cm":54011,"minecraft:player_kills":5,"minecraft:fly_one_cm":521112,"minecraft:crouch_one_cm":6218,"minecraft:play_time":63865,"minecraft:deaths":14,"minecraft:sneak_time":2884,"minecraft:walk_under_water_one_cm":18506,"minecraft:jump":1569,"minecraft:walk_on_water_one_cm":13129,"minecraft:total_world_time":63865,"minecraft:fall_one_cm":47113},"minecraft:mined":{"minecraft:deepslate_redstone_ore":3,"minecraft:flowering_azalea":2,"samurai_dynasty:spirit_stone_base":4,"minecraft:deepslate_diamond_ore":2,"minecraft:clay":6,"minecraft:crafting_table":4,"minecraft:cave_vines_plant":1,"minecraft:granite":4,"minecraft:grass_block":3,"minecraft:tall_grass":3,"minecraft:copper_ore":1,"minecraft:cobblestone":8,"minecraft:lapis_ore":6,"minecraft:moss_block":4,"minecraft:diorite":17,"minecraft:magma_block":5,"minecraft:redstone_ore":1,"minecraft:furnace":3,"minecraft:iron_ore":54,"minecraft:ice":4,"minecraft:spruce_log":14,"minecraft:andesite":23,"minecraft:deepslate_lapis_ore":3,"minecraft:grass":2,"minecraft:coal_ore":29,"minecraft:deepslate_iron_ore":14,"minecraft:sand":1,"minecraft:dirt":11,"minecraft:packed_ice":15,"iceandfire:frost_lily":1,"minecraft:stone":100,"minecraft:small_dripleaf":2,"minecraft:gold_ore":9,"minecraft:deepslate":11},"minecraft:killed":{"minecraft:spider":7,"minecraft:skeleton":5,"minecraft:zombie":7,"alexsmobs:centipede_head":1},"minecraft:broken":{"minecraft:iron_pickaxe":1},"minecraft:crafted":{"minecraft:crafting_table":1,"minecraft:spruce_planks":52,"minecraft:wooden_pickaxe":1,"minecraft:iron_helmet":1,"minecraft:furnace":3,"minecraft:stone_axe":1,"minecraft:air":0,"minecraft:iron_boots":1,"minecraft:iron_chestplate":1,"minecraft:shield":2,"minecraft:iron_axe":1,"minecraft:stick":24,"minecraft:iron_ingot":35,"minecraft:iron_pickaxe":2,"minecraft:stone_pickaxe":1,"minecraft:iron_leggings":1},"minecraft:picked_up":{"minecraft:crafting_table":4,"minecraft:magma_block":5,"minecraft:clay_ball":20,"minecraft:andesite":22,"wom:ender_blaster":2,"minecraft:shield":1,"minecraft:dirt":13,"minecraft:lapis_lazuli":48,"minecraft:string":9,"minecraft:moss_carpet":1,"minecraft:raw_copper":4,"minecraft:bone":5,"minecraft:cobbled_deepslate":18,"minecraft:raw_gold":9,"iceandfire:frost_lily":1,"minecraft:iron_ingot":23,"minecraft:iron_pickaxe":1,"minecraft:moss_block":4,"minecraft:flowering_azalea":2,"minecraft:furnace":3,"minecraft:raw_iron":66,"minecraft:sweet_berries":2,"epicfight:skillbook":1,"minecraft:sand":1,"minecraft:spruce_sapling":1,"minecraft:diorite":17,"minecraft:spruce_log":17,"minecraft:redstone":18,"alexsmobs:centipede_leg":1,"minecraft:spider_eye":2,"minecraft:arrow":2,"minecraft:rotten_flesh":10,"samurai_dynasty:spirit_stone_base":4,"minecraft:diamond":2,"minecraft:granite":4,"minecraft:glow_berries":18,"minecraft:coal":38,"minecraft:cobblestone":106}},"DataVersion":3465}