{"stats":{"minecraft:used":{"minecraft:stone_axe":6,"wom:ender_blaster":6,"minecraft:crafting_table":1,"minecraft:stone_pickaxe":12,"minecraft:wooden_pickaxe":6},"minecraft:killed_by":{"minecraft:player":1},"minecraft:mined":{"minecraft:grass_block":1,"minecraft:dirt":2,"minecraft:spruce_log":5,"minecraft:stone":15,"minecraft:crafting_table":1},"minecraft:custom":{"minecraft:time_since_rest":3381,"minecraft:play_time":7619,"minecraft:sprint_one_cm":41566,"minecraft:walk_one_cm":48929,"minecraft:damage_taken":581,"minecraft:deaths":2,"minecraft:sneak_time":12,"minecraft:walk_under_water_one_cm":2797,"minecraft:jump":225,"minecraft:damage_dealt":177,"minecraft:time_since_death":3347,"minecraft:walk_on_water_one_cm":769,"minecraft:total_world_time":7619,"minecraft:swim_one_cm":21239,"minecraft:interact_with_crafting_table":4,"minecraft:fall_one_cm":5290,"minecraft:fly_one_cm":87352,"minecraft:player_kills":1},"minecraft:crafted":{"minecraft:stone_axe":1,"minecraft:crafting_table":1,"minecraft:spruce_planks":12,"minecraft:stick":8,"minecraft:stone_pickaxe":1,"minecraft:wooden_pickaxe":1},"minecraft:picked_up":{"minecraft:crafting_table":1,"wom:ender_blaster":2,"minecraft:spruce_sapling":1,"minecraft:spruce_log":8,"minecraft:dirt":3,"minecraft:cobblestone":15}},"DataVersion":3465}