{"stats":{"minecraft:used":{"wom:ender_blaster":10,"minecraft:stone_pickaxe":40,"minecraft:wooden_pickaxe":6,"minecraft:rotten_flesh":3,"minecraft:stone_axe":17,"minecraft:magma_block":3,"minecraft:sweet_berries":3,"minecraft:crafting_table":1,"minecraft:spruce_log":4},"minecraft:killed_by":{"minecraft:player":1},"minecraft:mined":{"minecraft:magma_block":5,"minecraft:iron_ore":7,"minecraft:ice":1,"minecraft:spruce_log":7,"minecraft:crafting_table":1,"minecraft:grass_block":1,"minecraft:dirt":3,"minecraft:stone":30},"minecraft:custom":{"minecraft:time_since_rest":1374,"minecraft:sprint_one_cm":101223,"minecraft:damage_taken":1103,"minecraft:walk_one_cm":105216,"minecraft:mob_kills":5,"minecraft:damage_dealt":1029,"minecraft:player_kills":1,"minecraft:interact_with_crafting_table":4,"minecraft:swim_one_cm":51606,"minecraft:fly_one_cm":223494,"minecraft:crouch_one_cm":2942,"minecraft:play_time":19619,"minecraft:deaths":4,"minecraft:sneak_time":2170,"minecraft:walk_under_water_one_cm":16329,"minecraft:jump":477,"minecraft:walk_on_water_one_cm":1495,"minecraft:time_since_death":1352,"minecraft:total_world_time":19619,"minecraft:fall_one_cm":10513},"minecraft:killed":{"minecraft:zombie":4,"minecraft:spider":1},"minecraft:crafted":{"minecraft:crafting_table":1,"minecraft:spruce_planks":12,"minecraft:stick":8,"minecraft:wooden_pickaxe":1,"minecraft:stone_pickaxe":1,"minecraft:stone_axe":1},"minecraft:picked_up":{"minecraft:crafting_table":1,"minecraft:raw_iron":7,"minecraft:magma_block":5,"minecraft:sweet_berries":2,"wom:ender_blaster":2,"minecraft:spruce_sapling":1,"minecraft:spruce_log":10,"minecraft:string":2,"minecraft:dirt":3,"minecraft:rotten_flesh":3,"minecraft:cobblestone":29}},"DataVersion":3465}