{"stats":{"minecraft:used":{"wom:netherite_greataxe":10,"minecraft:enchanting_table":1,"minecraft:flint_and_steel":2,"minecraft:shield":14,"minecraft:netherrack":2,"minecraft:rotten_flesh":3,"minecraft:obsidian":10,"wom:ender_blaster":20,"minecraft:iron_axe":106,"minecraft:magma_block":3,"minecraft:golden_carrot":10,"minecraft:sweet_berries":3,"minecraft:furnace":4,"minecraft:cobbled_deepslate":10,"minecraft:water_bucket":15,"minecraft:diorite":2,"minecraft:stone_pickaxe":56,"minecraft:wooden_pickaxe":6,"minecraft:glow_berries":19,"minecraft:crafting_table":8,"minecraft:spruce_log":4,"minecraft:diamond_pickaxe":173,"minecraft:iron_pickaxe":300,"minecraft:gravel":22,"minecraft:stone_axe":30,"minecraft:cobblestone":12,"minecraft:bucket":16},"minecraft:killed_by":{"minecraft:player":5,"alexsmobs:cachalot_whale":1,"iceandfire:ice_dragon":3,"minecraft:skeleton":1},"minecraft:custom":{"minecraft:mob_kills":29,"minecraft:interact_with_crafting_table":22,"minecraft:leave_game":1,"minecraft:time_since_death":20139,"minecraft:climb_one_cm":3160,"minecraft:sprint_one_cm":375722,"minecraft:walk_one_cm":301943,"minecraft:damage_blocked_by_shield":710,"minecraft:drop":21,"minecraft:play_time":93865,"minecraft:deaths":19,"minecraft:sneak_time":3797,"minecraft:walk_under_water_one_cm":34221,"minecraft:jump":2659,"minecraft:walk_on_water_one_cm":29527,"minecraft:enchant_item":3,"minecraft:total_world_time":93865,"minecraft:interact_with_furnace":29,"minecraft:time_since_rest":20193,"minecraft:damage_taken":5091,"minecraft:damage_dealt":5936,"minecraft:fly_one_cm":1094031,"minecraft:swim_one_cm":75982,"minecraft:player_kills":7,"minecraft:open_chest":1,"minecraft:crouch_one_cm":7663,"minecraft:fall_one_cm":66951},"minecraft:dropped":{"minecraft:iron_ingot":1,"minecraft:cobblestone":1,"minecraft:glow_berries":1,"minecraft:copper_ingot":56,"minecraft:diorite":30,"minecraft:iron_axe":1,"minecraft:iron_pickaxe":2,"minecraft:stone_axe":1,"minecraft:cobbled_deepslate":1,"wom:ender_blaster":2,"minecraft:raw_iron":50,"minecraft:shield":2,"iceandfire:frost_lily":1,"minecraft:arrow":1,"minecraft:stone_pickaxe":1,"minecraft:wooden_pickaxe":1},"minecraft:mined":{"minecraft:nether_gold_ore":1,"minecraft:deepslate_diamond_ore":2,"minecraft:obsidian":2,"minecraft:cave_vines_plant":1,"minecraft:granite":4,"minecraft:grass_block":3,"minecraft:spruce_leaves":21,"minecraft:moss_block":4,"minecraft:large_fern":1,"minecraft:redstone_ore":1,"minecraft:magma_block":5,"minecraft:glowstone":7,"minecraft:furnace":3,"minecraft:iron_ore":54,"minecraft:fire":3,"minecraft:andesite":23,"minecraft:deepslate_lapis_ore":3,"minecraft:gold_block":1,"minecraft:enchanting_table":1,"minecraft:deepslate_iron_ore":14,"minecraft:packed_ice":15,"iceandfire:frost_lily":3,"minecraft:stone":100,"minecraft:deepslate_redstone_ore":3,"samurai_dynasty:spirit_stone_base":4,"minecraft:flowering_azalea":2,"minecraft:crafting_table":7,"minecraft:clay":6,"minecraft:copper_ore":1,"minecraft:tall_grass":3,"minecraft:cobblestone":8,"minecraft:lapis_ore":6,"minecraft:sugar_cane":9,"minecraft:diorite":17,"minecraft:ice":7,"minecraft:spruce_log":44,"minecraft:grass":2,"minecraft:coal_ore":29,"minecraft:dirt":11,"minecraft:sand":1,"minecraft:gravel":26,"minecraft:small_dripleaf":2,"minecraft:netherrack":152,"minecraft:gold_ore":9,"minecraft:deepslate":28,"minecraft:fern":2},"minecraft:killed":{"minecraft:spider":7,"minecraft:skeleton":6,"minecraft:chicken":1,"alexsmobs:comb_jelly":2,"alexsmobs:centipede_head":1,"minecraft:zombie_villager":1,"minecraft:zombie":7,"minecraft:ghast":1,"minecraft:cow":2},"minecraft:broken":{"minecraft:iron_pickaxe":1},"minecraft:crafted":{"minecraft:furnace":3,"minecraft:iron_boots":1,"sophisticatedbackpacks:copper_backpack":1,"minecraft:iron_axe":1,"minecraft:stone_pickaxe":1,"sophisticatedbackpacks:iron_backpack":1,"minecraft:crafting_table":1,"minecraft:spruce_planks":52,"minecraft:wooden_pickaxe":1,"minecraft:iron_helmet":1,"sophisticatedbackpacks:gold_backpack":1,"minecraft:bucket":1,"minecraft:stone_axe":1,"minecraft:air":0,"minecraft:iron_chestplate":1,"minecraft:diamond_pickaxe":1,"minecraft:shield":2,"minecraft:stick":24,"minecraft:iron_pickaxe":2,"minecraft:iron_ingot":36,"minecraft:gold_ingot":9,"minecraft:iron_leggings":1},"minecraft:picked_up":{"minecraft:crafting_table":7,"minecraft:chicken":1,"minecraft:clay_ball":20,"minecraft:gold_block":1,"wom:ender_blaster":2,"minecraft:shield":1,"minecraft:string":9,"minecraft:moss_carpet":1,"minecraft:raw_copper":4,"minecraft:gold_nugget":5,"minecraft:cobbled_deepslate":35,"iceandfire:frost_lily":3,"wom:netherite_greataxe":1,"minecraft:beef":4,"minecraft:iron_pickaxe":1,"minecraft:sugar_cane":29,"minecraft:furnace":3,"minecraft:egg":1,"minecraft:raw_iron":91,"minecraft:stick":7,"epicfight:skillbook":1,"minecraft:diorite":32,"minecraft:redstone":18,"alexsmobs:centipede_leg":1,"minecraft:arrow":3,"minecraft:rotten_flesh":10,"minecraft:glow_berries":18,"minecraft:cobblestone":106,"minecraft:enchanting_table":1,"minecraft:magma_block":5,"minecraft:feather":2,"minecraft:andesite":22,"minecraft:leather":3,"minecraft:flint":4,"minecraft:lapis_lazuli":48,"minecraft:dirt":13,"minecraft:bone":5,"minecraft:raw_gold":9,"minecraft:iron_ingot":23,"minecraft:glowstone_dust":11,"minecraft:moss_block":4,"minecraft:flowering_azalea":2,"wom:agony":1,"minecraft:sweet_berries":2,"minecraft:gravel":22,"minecraft:sand":1,"minecraft:spruce_sapling":10,"minecraft:spruce_log":46,"minecraft:spider_eye":2,"samurai_dynasty:spirit_stone_base":4,"minecraft:diamond":2,"minecraft:granite":4,"minecraft:netherrack":130,"minecraft:coal":38}},"DataVersion":3465}