{"stats":{"minecraft:custom":{"minecraft:jump":108,"minecraft:time_since_rest":4729,"minecraft:deaths":1,"minecraft:crouch_one_cm":500,"minecraft:sprint_one_cm":14449,"minecraft:play_time":5670,"minecraft:damage_taken":230,"minecraft:time_since_death":4712,"minecraft:walk_one_cm":4343,"minecraft:sneak_time":57,"minecraft:total_world_time":5670,"minecraft:fall_one_cm":7508,"minecraft:drop":1,"minecraft:fly_one_cm":38998},"minecraft:mined":{"minecraft:grass_block":1},"minecraft:picked_up":{"minecraft:dirt":1},"minecraft:used":{"minecraft:dirt":1},"minecraft:dropped":{"alexsmobs:animal_dictionary":1}},"DataVersion":3465}