{"stats":{"minecraft:crafted":{"minecraft:oak_planks":44,"minecraft:crafting_table":2,"minecraft:wooden_pickaxe":1,"minecraft:iron_helmet":1,"minecraft:furnace":1,"minecraft:bucket":1,"minecraft:air":0,"minecraft:iron_boots":1,"minecraft:diamond_pickaxe":2,"minecraft:shield":1,"minecraft:iron_axe":1,"minecraft:stick":36,"minecraft:iron_ingot":26,"minecraft:iron_pickaxe":4,"minecraft:stone_pickaxe":1,"minecraft:iron_leggings":1,"minecraft:torch":32},"minecraft:mined":{"minecraft:deepslate_redstone_ore":4,"minecraft:diamond_ore":4,"minecraft:tuff":2,"minecraft:deepslate_diamond_ore":78,"minecraft:orange_terracotta":2,"minecraft:crafting_table":9,"minecraft:torch":22,"minecraft:light_gray_terracotta":2,"minecraft:granite":19,"minecraft:red_sand":3,"minecraft:copper_ore":2,"minecraft:cobblestone":7,"minecraft:deepslate_gold_ore":6,"minecraft:sugar_cane":6,"minecraft:diorite":23,"minecraft:wall_torch":19,"minecraft:seagrass":1,"minecraft:tall_seagrass":3,"minecraft:furnace":3,"minecraft:iron_ore":91,"minecraft:cobbled_deepslate":6,"minecraft:andesite":58,"minecraft:oak_log":11,"minecraft:coal_ore":107,"minecraft:dripstone_block":1,"minecraft:dirt":5,"minecraft:brown_terracotta":2,"minecraft:terracotta":8,"minecraft:stone":258,"minecraft:oak_leaves":1,"minecraft:deepslate":536},"minecraft:picked_up":{"minecraft:crafting_table":9,"minecraft:andesite":120,"minecraft:oak_log":11,"skilltree:gem":58,"minecraft:dirt":3,"minecraft:raw_copper":8,"minecraft:orange_terracotta":2,"minecraft:red_sand":3,"minecraft:cobbled_deepslate":540,"minecraft:raw_gold":6,"minecraft:iron_ingot":10,"minecraft:sugar_cane":11,"minecraft:furnace":3,"minecraft:raw_iron":132,"minecraft:brown_terracotta":2,"minecraft:torch":40,"minecraft:dripstone_block":2,"minecraft:diorite":26,"minecraft:redstone":19,"minecraft:light_gray_terracotta":2,"alexsmobs:kangaroo_hide":2,"minecraft:diamond":82,"minecraft:granite":17,"minecraft:terracotta":7,"minecraft:coal":173,"minecraft:cobblestone":263},"minecraft:broken":{"minecraft:stone_pickaxe":1,"minecraft:iron_pickaxe":4},"minecraft:custom":{"minecraft:interact_with_furnace":18,"minecraft:mob_kills":5,"minecraft:interact_with_crafting_table":23,"minecraft:eat_cake_slice":6,"minecraft:leave_game":4,"minecraft:time_since_death":14479,"minecraft:time_since_rest":14507,"minecraft:sprint_one_cm":78818,"minecraft:damage_taken":284,"minecraft:walk_one_cm":392769,"minecraft:drop":16,"minecraft:damage_dealt":956,"minecraft:swim_one_cm":52069,"minecraft:fly_one_cm":197386,"minecraft:open_chest":3,"minecraft:play_time":104872,"minecraft:crouch_one_cm":26410,"minecraft:deaths":1,"minecraft:sneak_time":6605,"minecraft:walk_under_water_one_cm":2808,"minecraft:jump":618,"minecraft:walk_on_water_one_cm":13903,"minecraft:total_world_time":104872,"minecraft:fall_one_cm":11906},"minecraft:killed":{"minecraft:spider":1,"minecraft:creeper":1,"alexsmobs:emu":1,"minecraft:zombie":2},"minecraft:dropped":{"minecraft:raw_copper":8,"minecraft:light_gray_terracotta":2,"minecraft:dripstone_block":1,"minecraft:cobblestone":19,"minecraft:granite":17,"minecraft:dirt":3,"minecraft:diorite":12,"minecraft:andesite":83,"skilltree:gem":1,"minecraft:brown_terracotta":2,"minecraft:wooden_pickaxe":1,"minecraft:terracotta":3},"minecraft:used":{"minecraft:diorite":14,"minecraft:red_sand":3,"minecraft:stone_pickaxe":131,"minecraft:wooden_pickaxe":31,"minecraft:torch":41,"minecraft:terracotta":4,"minecraft:crafting_table":9,"minecraft:dripstone_block":1,"minecraft:cake":1,"minecraft:diamond_pickaxe":65,"minecraft:iron_axe":23,"minecraft:iron_pickaxe":1024,"minecraft:cobblestone":233,"minecraft:furnace":3,"minecraft:bucket":1,"alexsmobs:animal_dictionary":1,"minecraft:cobbled_deepslate":540,"minecraft:orange_terracotta":2}},"DataVersion":3465}