{"stats":{"minecraft:used":{"minecraft:crafting_table":1,"minecraft:stone_pickaxe":41,"minecraft:wooden_pickaxe":3},"minecraft:dropped":{"minecraft:wooden_pickaxe":1},"minecraft:mined":{"minecraft:coal_ore":16,"minecraft:spruce_log":5,"minecraft:stone":27,"minecraft:crafting_table":1,"minecraft:fern":1},"minecraft:custom":{"minecraft:time_since_rest":6155,"minecraft:play_time":6155,"minecraft:sprint_one_cm":15806,"minecraft:damage_taken":10,"minecraft:walk_one_cm":17756,"minecraft:sneak_time":6,"minecraft:drop":1,"minecraft:jump":38,"minecraft:walk_on_water_one_cm":175,"minecraft:time_since_death":6155,"minecraft:total_world_time":6155,"minecraft:fly_one_cm":15304,"minecraft:interact_with_crafting_table":3,"minecraft:fall_one_cm":1078},"minecraft:crafted":{"minecraft:crafting_table":1,"minecraft:spruce_planks":20,"minecraft:stick":16,"minecraft:wooden_pickaxe":1,"minecraft:stone_pickaxe":1},"minecraft:picked_up":{"minecraft:crafting_table":1,"minecraft:spruce_log":5,"minecraft:coal":16,"minecraft:cobblestone":27}},"DataVersion":3465}