{"stats":{"minecraft:dropped":{"minecraft:raw_copper":8,"minecraft:light_gray_terracotta":2,"minecraft:brown_terracotta":2,"minecraft:granite":17,"minecraft:wooden_pickaxe":1,"minecraft:terracotta":3},"minecraft:custom":{"minecraft:time_since_rest":19038,"minecraft:interact_with_furnace":6,"minecraft:sprint_one_cm":25597,"minecraft:damage_taken":16,"minecraft:walk_one_cm":84865,"minecraft:drop":6,"minecraft:interact_with_crafting_table":10,"minecraft:swim_one_cm":5680,"minecraft:fly_one_cm":47216,"minecraft:open_chest":3,"minecraft:crouch_one_cm":3669,"minecraft:play_time":19038,"minecraft:sneak_time":857,"minecraft:walk_under_water_one_cm":335,"minecraft:jump":122,"minecraft:walk_on_water_one_cm":2613,"minecraft:time_since_death":19038,"minecraft:total_world_time":19038,"minecraft:fall_one_cm":1254},"minecraft:broken":{"minecraft:stone_pickaxe":1},"minecraft:used":{"minecraft:diorite":1,"minecraft:red_sand":3,"minecraft:iron_axe":1,"minecraft:stone_pickaxe":131,"minecraft:iron_pickaxe":91,"minecraft:wooden_pickaxe":31,"minecraft:cobblestone":16,"minecraft:terracotta":4,"minecraft:crafting_table":3,"minecraft:furnace":1,"minecraft:orange_terracotta":2},"minecraft:picked_up":{"minecraft:raw_iron":62,"minecraft:crafting_table":3,"minecraft:andesite":18,"minecraft:brown_terracotta":2,"minecraft:oak_log":11,"minecraft:diorite":4,"minecraft:dirt":2,"skilltree:gem":9,"minecraft:raw_copper":8,"minecraft:orange_terracotta":2,"minecraft:light_gray_terracotta":2,"minecraft:red_sand":3,"minecraft:granite":17,"minecraft:terracotta":7,"minecraft:sugar_cane":11,"minecraft:coal":36,"minecraft:furnace":1,"minecraft:cobblestone":101},"minecraft:crafted":{"minecraft:oak_planks":44,"minecraft:iron_axe":1,"minecraft:crafting_table":2,"minecraft:stick":8,"minecraft:iron_ingot":17,"minecraft:wooden_pickaxe":1,"minecraft:iron_pickaxe":1,"minecraft:stone_pickaxe":1,"minecraft:furnace":1,"minecraft:air":0},"minecraft:mined":{"minecraft:seagrass":1,"minecraft:tall_seagrass":3,"minecraft:furnace":1,"minecraft:iron_ore":62,"minecraft:orange_terracotta":2,"minecraft:andesite":20,"minecraft:crafting_table":3,"minecraft:light_gray_terracotta":2,"minecraft:granite":17,"minecraft:red_sand":3,"minecraft:coal_ore":22,"minecraft:oak_log":11,"minecraft:dirt":2,"minecraft:brown_terracotta":2,"minecraft:copper_ore":2,"minecraft:cobblestone":3,"minecraft:terracotta":8,"minecraft:stone":101,"minecraft:sugar_cane":6,"minecraft:diorite":5,"minecraft:oak_leaves":1}},"DataVersion":3465}