{"stats":{"minecraft:dropped":{"minecraft:raw_copper":8,"minecraft:light_gray_terracotta":2,"minecraft:dripstone_block":1,"minecraft:cobblestone":4,"minecraft:granite":17,"minecraft:dirt":3,"minecraft:andesite":83,"skilltree:gem":1,"minecraft:brown_terracotta":2,"minecraft:wooden_pickaxe":1,"minecraft:terracotta":3},"minecraft:custom":{"minecraft:interact_with_furnace":18,"minecraft:interact_with_crafting_table":19,"minecraft:leave_game":1,"minecraft:time_since_death":66006,"minecraft:time_since_rest":66006,"minecraft:sprint_one_cm":25597,"minecraft:damage_taken":36,"minecraft:walk_one_cm":166110,"minecraft:drop":13,"minecraft:swim_one_cm":5680,"minecraft:fly_one_cm":47216,"minecraft:open_chest":3,"minecraft:crouch_one_cm":23052,"minecraft:play_time":66006,"minecraft:sneak_time":5989,"minecraft:walk_under_water_one_cm":1716,"minecraft:jump":186,"minecraft:walk_on_water_one_cm":3737,"minecraft:total_world_time":66006,"minecraft:fall_one_cm":2276},"minecraft:broken":{"minecraft:stone_pickaxe":1,"minecraft:iron_pickaxe":2},"minecraft:used":{"minecraft:diorite":14,"minecraft:red_sand":3,"minecraft:stone_pickaxe":131,"minecraft:wooden_pickaxe":31,"minecraft:torch":31,"minecraft:terracotta":4,"minecraft:crafting_table":5,"minecraft:dripstone_block":1,"minecraft:iron_axe":4,"minecraft:iron_pickaxe":624,"minecraft:cobblestone":225,"minecraft:furnace":3,"minecraft:bucket":1,"alexsmobs:animal_dictionary":1,"minecraft:cobbled_deepslate":150,"minecraft:orange_terracotta":2},"minecraft:picked_up":{"minecraft:crafting_table":5,"minecraft:andesite":120,"minecraft:oak_log":11,"skilltree:gem":29,"minecraft:dirt":3,"minecraft:raw_copper":8,"minecraft:orange_terracotta":2,"minecraft:red_sand":3,"minecraft:cobbled_deepslate":155,"minecraft:raw_gold":6,"minecraft:iron_ingot":10,"minecraft:sugar_cane":11,"minecraft:furnace":3,"minecraft:raw_iron":132,"minecraft:brown_terracotta":2,"minecraft:torch":29,"minecraft:dripstone_block":2,"minecraft:diorite":20,"minecraft:light_gray_terracotta":2,"minecraft:diamond":13,"minecraft:granite":17,"minecraft:terracotta":7,"minecraft:coal":173,"minecraft:cobblestone":262},"minecraft:crafted":{"minecraft:oak_planks":44,"minecraft:crafting_table":2,"minecraft:wooden_pickaxe":1,"minecraft:iron_helmet":1,"minecraft:furnace":1,"minecraft:bucket":1,"minecraft:air":0,"minecraft:iron_boots":1,"minecraft:shield":1,"minecraft:iron_axe":1,"minecraft:stick":36,"minecraft:iron_ingot":26,"minecraft:iron_pickaxe":3,"minecraft:stone_pickaxe":1,"minecraft:iron_leggings":1,"minecraft:torch":32},"minecraft:mined":{"minecraft:diamond_ore":4,"minecraft:deepslate_diamond_ore":12,"minecraft:orange_terracotta":2,"minecraft:crafting_table":5,"minecraft:torch":14,"minecraft:light_gray_terracotta":2,"minecraft:granite":19,"minecraft:red_sand":3,"minecraft:copper_ore":2,"minecraft:cobblestone":6,"minecraft:deepslate_gold_ore":6,"minecraft:sugar_cane":6,"minecraft:diorite":23,"minecraft:wall_torch":16,"minecraft:seagrass":1,"minecraft:tall_seagrass":3,"minecraft:furnace":3,"minecraft:iron_ore":91,"minecraft:andesite":58,"minecraft:oak_log":11,"minecraft:coal_ore":107,"minecraft:dripstone_block":1,"minecraft:dirt":5,"minecraft:brown_terracotta":2,"minecraft:terracotta":8,"minecraft:stone":258,"minecraft:oak_leaves":1,"minecraft:deepslate":155}},"DataVersion":3465}