{"stats":{"minecraft:dropped":{"minecraft:raw_copper":8,"minecraft:light_gray_terracotta":2,"minecraft:granite":17,"minecraft:dirt":3,"minecraft:andesite":19,"minecraft:brown_terracotta":2,"minecraft:wooden_pickaxe":1,"minecraft:terracotta":3},"minecraft:custom":{"minecraft:interact_with_furnace":18,"minecraft:interact_with_crafting_table":18,"minecraft:time_since_death":31038,"minecraft:time_since_rest":31038,"minecraft:sprint_one_cm":25597,"minecraft:damage_taken":16,"minecraft:walk_one_cm":97993,"minecraft:drop":8,"minecraft:swim_one_cm":5680,"minecraft:fly_one_cm":47216,"minecraft:open_chest":3,"minecraft:crouch_one_cm":11398,"minecraft:play_time":31038,"minecraft:sneak_time":2420,"minecraft:walk_under_water_one_cm":1716,"minecraft:jump":130,"minecraft:walk_on_water_one_cm":3737,"minecraft:total_world_time":31038,"minecraft:fall_one_cm":1523},"minecraft:broken":{"minecraft:stone_pickaxe":1},"minecraft:used":{"minecraft:diorite":4,"minecraft:red_sand":3,"minecraft:stone_pickaxe":131,"minecraft:wooden_pickaxe":31,"minecraft:torch":1,"minecraft:terracotta":4,"minecraft:crafting_table":5,"minecraft:iron_axe":2,"minecraft:iron_pickaxe":245,"minecraft:cobblestone":45,"minecraft:furnace":3,"minecraft:bucket":1,"minecraft:orange_terracotta":2},"minecraft:picked_up":{"minecraft:crafting_table":4,"minecraft:andesite":41,"minecraft:oak_log":11,"skilltree:gem":17,"minecraft:dirt":3,"minecraft:raw_copper":8,"minecraft:orange_terracotta":2,"minecraft:red_sand":3,"minecraft:iron_ingot":10,"minecraft:sugar_cane":11,"minecraft:furnace":3,"minecraft:raw_iron":116,"minecraft:brown_terracotta":2,"minecraft:diorite":10,"minecraft:light_gray_terracotta":2,"minecraft:granite":17,"minecraft:terracotta":7,"minecraft:coal":131,"minecraft:cobblestone":163},"minecraft:crafted":{"minecraft:oak_planks":44,"minecraft:crafting_table":2,"minecraft:wooden_pickaxe":1,"minecraft:iron_helmet":1,"minecraft:furnace":1,"minecraft:bucket":1,"minecraft:air":0,"minecraft:iron_boots":1,"minecraft:shield":1,"minecraft:iron_axe":1,"minecraft:stick":36,"minecraft:iron_ingot":26,"minecraft:iron_pickaxe":3,"minecraft:stone_pickaxe":1,"minecraft:iron_leggings":1,"minecraft:torch":32},"minecraft:mined":{"minecraft:orange_terracotta":2,"minecraft:crafting_table":4,"minecraft:light_gray_terracotta":2,"minecraft:granite":17,"minecraft:red_sand":3,"minecraft:copper_ore":2,"minecraft:cobblestone":5,"minecraft:sugar_cane":6,"minecraft:diorite":13,"minecraft:seagrass":1,"minecraft:tall_seagrass":3,"minecraft:furnace":3,"minecraft:iron_ore":75,"minecraft:andesite":43,"minecraft:oak_log":11,"minecraft:coal_ore":65,"minecraft:dirt":5,"minecraft:brown_terracotta":2,"minecraft:terracotta":8,"minecraft:stone":164,"minecraft:oak_leaves":1}},"DataVersion":3465}