{"stats":{"minecraft:used":{"minecraft:oak_log":1,"minecraft:iron_axe":20,"minecraft:stone_pickaxe":109,"minecraft:iron_pickaxe":86,"minecraft:oak_planks":1,"minecraft:wooden_pickaxe":3,"minecraft:cobblestone":2,"minecraft:crafting_table":3,"minecraft:gray_bed":1,"minecraft:andesite":2},"minecraft:dropped":{"minecraft:cobbled_deepslate":1,"minecraft:mossy_cobblestone":1,"minecraft:cobblestone":60,"minecraft:granite":3,"minecraft:wooden_pickaxe":1,"minecraft:flint":1},"minecraft:mined":{"alexscaves:spelunkery_table":1,"minecraft:furnace":1,"minecraft:mossy_cobblestone":1,"minecraft:iron_ore":25,"minecraft:gray_bed":2,"minecraft:spruce_log":5,"minecraft:andesite":2,"minecraft:black_bed":2,"minecraft:tnt":3,"minecraft:crafting_table":4,"minecraft:brown_bed":1,"minecraft:granite":3,"minecraft:bookshelf":1,"minecraft:oak_log":15,"minecraft:coal_ore":25,"minecraft:gravel":1,"samurai_dynasty:jade_ore":2,"minecraft:cobblestone":3,"minecraft:stone":129,"minecraft:oak_planks":1,"minecraft:deepslate":1,"minecraft:fern":1},"minecraft:custom":{"minecraft:time_since_rest":5048,"minecraft:interact_with_furnace":7,"minecraft:sprint_one_cm":16255,"minecraft:damage_taken":40,"minecraft:walk_one_cm":54314,"minecraft:drop":6,"minecraft:interact_with_crafting_table":7,"minecraft:fly_one_cm":15304,"minecraft:open_barrel":1,"minecraft:crouch_one_cm":4615,"minecraft:play_time":18155,"minecraft:sneak_time":823,"minecraft:jump":48,"minecraft:time_since_death":18155,"minecraft:walk_on_water_one_cm":175,"minecraft:sleep_in_bed":4,"minecraft:total_world_time":18155,"minecraft:climb_one_cm":1546,"minecraft:fall_one_cm":1647},"minecraft:crafted":{"minecraft:oak_planks":56,"minecraft:iron_axe":1,"minecraft:crafting_table":1,"minecraft:spruce_planks":20,"minecraft:stick":16,"minecraft:iron_pickaxe":2,"minecraft:iron_ingot":10,"minecraft:wooden_pickaxe":1,"minecraft:stone_pickaxe":1,"minecraft:air":0},"minecraft:picked_up":{"minecraft:book":3,"minecraft:crafting_table":4,"minecraft:raw_iron":25,"minecraft:andesite":2,"minecraft:black_bed":2,"samurai_dynasty:jade":2,"minecraft:brown_bed":1,"minecraft:flint":1,"minecraft:oak_log":15,"minecraft:spruce_log":5,"minecraft:mossy_cobblestone":1,"minecraft:tnt":3,"minecraft:cobbled_deepslate":1,"alexscaves:spelunkery_table":1,"minecraft:granite":3,"minecraft:gray_bed":2,"minecraft:oak_planks":1,"minecraft:coal":25,"minecraft:cobblestone":129,"minecraft:furnace":1}},"DataVersion":3465}