{"stats":{"minecraft:custom":{"minecraft:open_chest":2,"minecraft:time_since_rest":7038,"minecraft:crouch_one_cm":182,"minecraft:play_time":7038,"minecraft:sprint_one_cm":25472,"minecraft:walk_one_cm":40628,"minecraft:sneak_time":56,"minecraft:walk_under_water_one_cm":335,"minecraft:jump":88,"minecraft:time_since_death":7038,"minecraft:walk_on_water_one_cm":2613,"minecraft:total_world_time":7038,"minecraft:swim_one_cm":5680,"minecraft:interact_with_crafting_table":1,"minecraft:fall_one_cm":1254,"minecraft:fly_one_cm":47190},"minecraft:used":{"minecraft:crafting_table":1},"minecraft:picked_up":{"minecraft:crafting_table":1,"minecraft:oak_log":11,"minecraft:sugar_cane":11},"minecraft:crafted":{"minecraft:oak_planks":44,"minecraft:crafting_table":2,"minecraft:stick":8,"minecraft:wooden_pickaxe":1},"minecraft:mined":{"minecraft:seagrass":1,"minecraft:tall_seagrass":3,"minecraft:oak_log":11,"minecraft:sugar_cane":6,"minecraft:crafting_table":1,"minecraft:oak_leaves":1}},"DataVersion":3465}