{"stats":{"minecraft:broken":{"minecraft:stone_pickaxe":1,"minecraft:iron_pickaxe":4},"minecraft:killed":{"minecraft:spider":1,"minecraft:creeper":1,"alexsmobs:emu":2,"minecraft:zombie":4,"alexsmobs:kangaroo":22},"minecraft:custom":{"minecraft:interact_with_furnace":18,"minecraft:mob_kills":30,"minecraft:interact_with_crafting_table":23,"minecraft:eat_cake_slice":6,"minecraft:leave_game":8,"minecraft:time_since_death":72723,"minecraft:climb_one_cm":522,"minecraft:time_since_rest":72751,"minecraft:sprint_one_cm":121868,"minecraft:damage_taken":1234,"minecraft:walk_one_cm":720071,"minecraft:drop":44,"minecraft:damage_dealt":6465,"minecraft:swim_one_cm":71004,"minecraft:fly_one_cm":327362,"minecraft:open_chest":5,"minecraft:play_time":163116,"minecraft:crouch_one_cm":28106,"minecraft:deaths":1,"minecraft:sneak_time":7171,"minecraft:walk_under_water_one_cm":14295,"minecraft:jump":1250,"minecraft:walk_on_water_one_cm":29647,"minecraft:total_world_time":163116,"minecraft:fall_one_cm":22261},"minecraft:crafted":{"minecraft:oak_planks":44,"minecraft:crafting_table":2,"minecraft:wooden_pickaxe":1,"minecraft:iron_helmet":1,"minecraft:furnace":1,"minecraft:bucket":1,"minecraft:air":0,"minecraft:iron_boots":1,"minecraft:diamond_pickaxe":2,"minecraft:shield":1,"minecraft:iron_axe":1,"minecraft:stick":36,"minecraft:iron_ingot":26,"minecraft:iron_pickaxe":4,"minecraft:stone_pickaxe":1,"minecraft:iron_leggings":1,"minecraft:torch":32},"minecraft:mined":{"minecraft:deepslate_redstone_ore":4,"minecraft:diamond_ore":4,"minecraft:tuff":2,"minecraft:acacia_leaves":2,"minecraft:deepslate_diamond_ore":78,"biomesoplenty:orange_sand":9,"biomesoplenty:desert_grass":4,"minecraft:orange_terracotta":2,"minecraft:crafting_table":9,"minecraft:torch":22,"minecraft:light_gray_terracotta":2,"minecraft:granite":19,"minecraft:red_sand":3,"minecraft:grass_block":1,"evilcraft:environmental_accumulator":1,"minecraft:stone_slab":1,"minecraft:copper_ore":2,"minecraft:cobblestone":14,"minecraft:deepslate_gold_ore":6,"biomesoplenty:orange_sandstone":17,"minecraft:sugar_cane":6,"minecraft:diorite":23,"biomesoplenty:dune_grass":8,"minecraft:wall_torch":19,"minecraft:chiseled_stone_bricks":1,"biomesoplenty:palm_log":1,"minecraft:seagrass":1,"minecraft:tall_seagrass":3,"minecraft:furnace":3,"biomesoplenty:palm_leaves":1,"minecraft:iron_ore":91,"minecraft:cobbled_deepslate":6,"minecraft:andesite":58,"minecraft:oak_log":11,"minecraft:coal_ore":107,"minecraft:dripstone_block":1,"minecraft:dirt":7,"minecraft:brown_terracotta":2,"minecraft:terracotta":8,"minecraft:stone":261,"minecraft:stone_bricks":1,"minecraft:oak_leaves":1,"minecraft:deepslate":536},"minecraft:used":{"minecraft:water_bucket":1,"minecraft:diorite":14,"minecraft:red_sand":3,"minecraft:stone_pickaxe":131,"minecraft:wooden_pickaxe":31,"minecraft:torch":41,"minecraft:dirt":3,"minecraft:terracotta":4,"minecraft:crafting_table":9,"minecraft:dripstone_block":1,"minecraft:cake":1,"minecraft:diamond_pickaxe":108,"minecraft:iron_axe":105,"minecraft:iron_pickaxe":1024,"alexsmobs:kangaroo_meat":22,"minecraft:chiseled_stone_bricks":1,"biomesoplenty:orange_sandstone":1,"minecraft:cobblestone":238,"minecraft:furnace":3,"minecraft:bucket":2,"alexsmobs:animal_dictionary":1,"minecraft:cobbled_deepslate":540,"minecraft:orange_terracotta":2},"minecraft:picked_up":{"minecraft:crafting_table":9,"evilcraft:environmental_accumulation_core":3,"minecraft:andesite":120,"minecraft:oak_log":11,"skilltree:gem":58,"minecraft:dirt":6,"minecraft:raw_copper":8,"minecraft:orange_terracotta":2,"minecraft:red_sand":3,"minecraft:cobbled_deepslate":540,"minecraft:raw_gold":6,"minecraft:iron_ingot":10,"minecraft:sugar_cane":11,"minecraft:furnace":3,"minecraft:stick":6,"minecraft:raw_iron":132,"minecraft:chiseled_stone_bricks":1,"minecraft:brown_terracotta":2,"minecraft:torch":40,"minecraft:dripstone_block":2,"minecraft:diorite":26,"minecraft:redstone":19,"minecraft:light_gray_terracotta":2,"alexsmobs:kangaroo_hide":26,"minecraft:diamond":82,"biomesoplenty:orange_sandstone":11,"minecraft:granite":17,"minecraft:terracotta":7,"minecraft:diamond_pickaxe":1,"minecraft:coal":173,"alexsmobs:kangaroo_meat":33,"biomesoplenty:orange_sand":8,"minecraft:cobblestone":274},"minecraft:dropped":{"minecraft:raw_copper":8,"minecraft:light_gray_terracotta":2,"minecraft:dripstone_block":1,"minecraft:cobblestone":25,"minecraft:granite":17,"minecraft:dirt":3,"biomesoplenty:orange_sand":8,"minecraft:diorite":12,"evilcraft:environmental_accumulation_core":2,"minecraft:diamond_pickaxe":1,"minecraft:andesite":83,"skilltree:gem":9,"minecraft:brown_terracotta":2,"biomesoplenty:orange_sandstone":10,"minecraft:wooden_pickaxe":1,"minecraft:terracotta":3}},"DataVersion":3465}