{"stats":{"minecraft:crafted":{"minecraft:oak_planks":44,"minecraft:crafting_table":2,"minecraft:wooden_pickaxe":1,"minecraft:iron_helmet":1,"minecraft:furnace":1,"minecraft:bucket":1,"minecraft:air":0,"minecraft:iron_boots":1,"minecraft:shield":1,"minecraft:iron_axe":1,"minecraft:stick":36,"minecraft:iron_ingot":26,"minecraft:iron_pickaxe":4,"minecraft:stone_pickaxe":1,"minecraft:iron_leggings":1,"minecraft:torch":32},"minecraft:picked_up":{"minecraft:crafting_table":7,"minecraft:andesite":120,"minecraft:oak_log":11,"skilltree:gem":48,"minecraft:dirt":3,"minecraft:raw_copper":8,"minecraft:orange_terracotta":2,"minecraft:red_sand":3,"minecraft:cobbled_deepslate":426,"minecraft:raw_gold":6,"minecraft:iron_ingot":10,"minecraft:sugar_cane":11,"minecraft:furnace":3,"minecraft:raw_iron":132,"minecraft:brown_terracotta":2,"minecraft:torch":35,"minecraft:dripstone_block":2,"minecraft:diorite":26,"minecraft:redstone":19,"minecraft:light_gray_terracotta":2,"minecraft:diamond":68,"minecraft:granite":17,"minecraft:terracotta":7,"minecraft:coal":173,"minecraft:cobblestone":263},"minecraft:mined":{"minecraft:deepslate_redstone_ore":4,"minecraft:diamond_ore":4,"minecraft:tuff":1,"minecraft:deepslate_diamond_ore":64,"minecraft:orange_terracotta":2,"minecraft:crafting_table":7,"minecraft:torch":18,"minecraft:light_gray_terracotta":2,"minecraft:granite":19,"minecraft:red_sand":3,"minecraft:copper_ore":2,"minecraft:cobblestone":7,"minecraft:deepslate_gold_ore":6,"minecraft:sugar_cane":6,"minecraft:diorite":23,"minecraft:wall_torch":18,"minecraft:seagrass":1,"minecraft:tall_seagrass":3,"minecraft:furnace":3,"minecraft:iron_ore":91,"minecraft:cobbled_deepslate":1,"minecraft:andesite":58,"minecraft:oak_log":11,"minecraft:coal_ore":107,"minecraft:dripstone_block":1,"minecraft:dirt":5,"minecraft:brown_terracotta":2,"minecraft:terracotta":8,"minecraft:stone":258,"minecraft:oak_leaves":1,"minecraft:deepslate":425},"minecraft:broken":{"minecraft:stone_pickaxe":1,"minecraft:iron_pickaxe":3},"minecraft:custom":{"minecraft:interact_with_furnace":18,"minecraft:interact_with_crafting_table":21,"minecraft:leave_game":3,"minecraft:time_since_death":82944,"minecraft:time_since_rest":82944,"minecraft:sprint_one_cm":25837,"minecraft:damage_taken":36,"minecraft:walk_one_cm":232064,"minecraft:drop":15,"minecraft:swim_one_cm":5680,"minecraft:fly_one_cm":47216,"minecraft:open_chest":3,"minecraft:play_time":82944,"minecraft:crouch_one_cm":24105,"minecraft:sneak_time":6271,"minecraft:walk_under_water_one_cm":1716,"minecraft:jump":220,"minecraft:walk_on_water_one_cm":3737,"minecraft:total_world_time":82944,"minecraft:fall_one_cm":2276},"minecraft:dropped":{"minecraft:raw_copper":8,"minecraft:light_gray_terracotta":2,"minecraft:dripstone_block":1,"minecraft:cobblestone":4,"minecraft:granite":17,"minecraft:dirt":3,"minecraft:diorite":12,"minecraft:andesite":83,"skilltree:gem":1,"minecraft:brown_terracotta":2,"minecraft:wooden_pickaxe":1,"minecraft:terracotta":3},"minecraft:used":{"minecraft:diorite":14,"minecraft:red_sand":3,"minecraft:stone_pickaxe":131,"minecraft:wooden_pickaxe":31,"minecraft:torch":37,"minecraft:terracotta":4,"minecraft:crafting_table":7,"minecraft:dripstone_block":1,"minecraft:iron_axe":7,"minecraft:iron_pickaxe":956,"minecraft:cobblestone":233,"minecraft:furnace":3,"minecraft:bucket":1,"alexsmobs:animal_dictionary":1,"minecraft:cobbled_deepslate":399,"minecraft:orange_terracotta":2}},"DataVersion":3465}