{"stats":{"minecraft:used":{"minecraft:water_bucket":4,"minecraft:stone_pickaxe":109,"minecraft:oak_planks":1,"minecraft:wooden_pickaxe":3,"minecraft:rotten_flesh":6,"minecraft:torch":4,"minecraft:crafting_table":7,"minecraft:oak_log":1,"wom:agony":2,"minecraft:iron_axe":46,"minecraft:bread":2,"minecraft:iron_pickaxe":1041,"minecraft:cobblestone":112,"minecraft:furnace":4,"minecraft:gray_bed":2,"minecraft:bucket":5,"minecraft:andesite":2},"minecraft:killed_by":{"minecraft:player":6},"minecraft:dropped":{"wom:agony":1,"minecraft:cobbled_deepslate":59,"minecraft:raw_copper":2,"minecraft:mossy_cobblestone":1,"minecraft:diamond":20,"minecraft:cobblestone":100,"minecraft:granite":6,"minecraft:flint":1,"minecraft:gunpowder":2,"minecraft:diorite":35,"samurai_dynasty:jade":2,"minecraft:wooden_pickaxe":1,"wom:netherite_greataxe":1},"minecraft:custom":{"minecraft:interact_with_furnace":33,"minecraft:mob_kills":3,"minecraft:interact_with_crafting_table":15,"minecraft:open_barrel":1,"minecraft:time_since_death":8651,"minecraft:sleep_in_bed":4,"minecraft:climb_one_cm":1587,"minecraft:time_since_rest":8674,"minecraft:sprint_one_cm":43840,"minecraft:damage_taken":2112,"minecraft:walk_one_cm":214341,"minecraft:drop":21,"minecraft:damage_dealt":1112,"minecraft:player_kills":3,"minecraft:fly_one_cm":117595,"minecraft:open_chest":4,"minecraft:crouch_one_cm":7633,"minecraft:play_time":54155,"minecraft:deaths":7,"minecraft:sneak_time":1771,"minecraft:walk_under_water_one_cm":1121,"minecraft:jump":359,"minecraft:walk_on_water_one_cm":1635,"minecraft:total_world_time":54155,"minecraft:fall_one_cm":10695},"minecraft:mined":{"minecraft:deepslate_redstone_ore":3,"alexscaves:spelunkery_table":1,"minecraft:diamond_ore":3,"minecraft:tuff":14,"minecraft:mossy_cobblestone":3,"minecraft:deepslate_diamond_ore":36,"minecraft:crafting_table":9,"minecraft:granite":6,"samurai_dynasty:jade_ore":2,"minecraft:copper_ore":1,"minecraft:cobblestone":16,"minecraft:deepslate_coal_ore":10,"minecraft:deepslate_gold_ore":6,"minecraft:oak_planks":1,"minecraft:diorite":43,"minecraft:wall_torch":1,"minecraft:spawner":1,"minecraft:redstone_ore":4,"minecraft:furnace":5,"minecraft:iron_ore":43,"minecraft:ice":9,"minecraft:gray_bed":3,"minecraft:spruce_log":5,"minecraft:andesite":5,"minecraft:tnt":3,"minecraft:black_bed":2,"minecraft:brown_bed":1,"minecraft:bookshelf":1,"minecraft:coal_ore":35,"minecraft:oak_log":15,"minecraft:deepslate_iron_ore":14,"minecraft:gravel":5,"minecraft:smooth_basalt":1,"minecraft:stone":255,"minecraft:deepslate":628,"minecraft:fern":1},"minecraft:killed":{"minecraft:spider":2,"minecraft:zombie":1},"minecraft:broken":{"minecraft:iron_pickaxe":2},"minecraft:crafted":{"minecraft:oak_planks":56,"minecraft:crafting_table":1,"minecraft:spruce_planks":20,"minecraft:wooden_pickaxe":1,"minecraft:bucket":4,"minecraft:air":0,"minecraft:iron_axe":1,"minecraft:stick":16,"minecraft:stone_pickaxe":1,"minecraft:iron_ingot":19,"minecraft:iron_pickaxe":2,"minecraft:torch":8},"minecraft:picked_up":{"minecraft:crafting_table":9,"minecraft:andesite":2,"minecraft:black_bed":2,"samurai_dynasty:jade":2,"minecraft:brown_bed":1,"minecraft:flint":1,"minecraft:tuff":14,"minecraft:oak_log":15,"minecraft:string":2,"minecraft:raw_copper":2,"minecraft:raw_gold":6,"minecraft:cobbled_deepslate":518,"iceandfire:frost_lily":1,"minecraft:iron_ingot":3,"wom:netherite_greataxe":1,"minecraft:gray_bed":3,"minecraft:oak_planks":1,"minecraft:furnace":5,"minecraft:book":3,"minecraft:raw_iron":157,"minecraft:torch":1,"minecraft:diorite":41,"minecraft:spruce_log":5,"minecraft:redstone":30,"minecraft:mossy_cobblestone":3,"minecraft:tnt":3,"minecraft:diamond":59,"alexscaves:spelunkery_table":1,"minecraft:granite":6,"minecraft:coal":136,"minecraft:cobblestone":275}},"DataVersion":3465}