{"stats":{"minecraft:broken":{"minecraft:stone_pickaxe":1,"minecraft:iron_axe":1,"minecraft:iron_pickaxe":4},"minecraft:killed":{"minecraft:spider":1,"minecraft:skeleton":1,"alexsmobs:kangaroo":22,"minecraft:creeper":1,"alexsmobs:emu":2,"minecraft:zombie":4},"minecraft:custom":{"minecraft:mob_kills":31,"minecraft:interact_with_crafting_table":24,"minecraft:eat_cake_slice":6,"minecraft:leave_game":9,"minecraft:time_since_death":110414,"minecraft:climb_one_cm":522,"minecraft:sprint_one_cm":171535,"minecraft:walk_one_cm":873233,"minecraft:damage_blocked_by_shield":135,"minecraft:drop":56,"minecraft:play_time":200807,"minecraft:deaths":1,"minecraft:sneak_time":7665,"minecraft:walk_under_water_one_cm":19590,"minecraft:jump":1626,"minecraft:walk_on_water_one_cm":50819,"minecraft:total_world_time":200807,"minecraft:interact_with_furnace":18,"minecraft:sleep_in_bed":1,"minecraft:time_since_rest":18771,"minecraft:damage_taken":1592,"minecraft:damage_dealt":6665,"minecraft:swim_one_cm":136448,"minecraft:fly_one_cm":435565,"minecraft:open_chest":22,"minecraft:crouch_one_cm":30630,"minecraft:fall_one_cm":31037},"minecraft:crafted":{"minecraft:oak_planks":44,"minecraft:furnace":1,"minecraft:iron_boots":1,"minecraft:iron_axe":1,"minecraft:stone_pickaxe":1,"minecraft:diamond_axe":1,"minecraft:crafting_table":2,"minecraft:wooden_pickaxe":1,"minecraft:iron_helmet":1,"minecraft:bucket":1,"minecraft:air":0,"minecraft:diamond_pickaxe":2,"minecraft:shield":1,"minecraft:stick":36,"minecraft:iron_ingot":26,"minecraft:iron_pickaxe":4,"minecraft:iron_leggings":1,"minecraft:torch":32},"minecraft:mined":{"minecraft:dark_oak_planks":3,"minecraft:diamond_ore":4,"minecraft:tuff":2,"minecraft:deepslate_diamond_ore":78,"minecraft:jungle_slab":1,"biomesoplenty:desert_grass":4,"minecraft:granite":19,"minecraft:red_sand":3,"minecraft:grass_block":4,"minecraft:jungle_planks":1,"evilcraft:environmental_accumulator":1,"biomesoplenty:orange_sandstone":26,"biomesoplenty:dune_grass":8,"minecraft:chiseled_stone_bricks":1,"biomesoplenty:palm_log":1,"minecraft:tall_seagrass":3,"minecraft:furnace":4,"biomesoplenty:palm_leaves":1,"minecraft:iron_ore":91,"minecraft:cobbled_deepslate":6,"minecraft:andesite":58,"minecraft:oak_stairs":8,"minecraft:stripped_oak_log":2,"minecraft:stone":324,"minecraft:deepslate_redstone_ore":4,"minecraft:acacia_leaves":2,"minecraft:red_bed":1,"biomesoplenty:orange_sand":14,"minecraft:orange_terracotta":2,"minecraft:crafting_table":11,"minecraft:torch":22,"minecraft:light_gray_terracotta":2,"minecraft:jungle_stairs":1,"minecraft:stone_slab":1,"minecraft:copper_ore":2,"minecraft:tall_grass":8,"minecraft:cobblestone":14,"minecraft:deepslate_gold_ore":6,"minecraft:sugar_cane":6,"minecraft:oak_planks":1,"minecraft:diorite":23,"minecraft:wall_torch":19,"minecraft:seagrass":1,"minecraft:grass":15,"minecraft:coal_ore":107,"minecraft:oak_log":83,"minecraft:dirt":12,"minecraft:dripstone_block":1,"minecraft:sand":9,"minecraft:brown_terracotta":2,"minecraft:terracotta":8,"minecraft:stone_bricks":1,"minecraft:oak_leaves":3,"minecraft:deepslate":536},"minecraft:used":{"minecraft:red_sand":3,"minecraft:shield":2,"minecraft:torch":42,"minecraft:dirt":7,"minecraft:iron_axe":164,"biomesoplenty:orange_sandstone":2,"minecraft:golden_carrot":3,"minecraft:furnace":3,"minecraft:cooked_cod":1,"minecraft:cobbled_deepslate":540,"minecraft:orange_terracotta":2,"minecraft:water_bucket":3,"epicfight:skillbook":2,"minecraft:diorite":14,"minecraft:stone_pickaxe":131,"minecraft:oak_planks":1,"minecraft:wooden_pickaxe":31,"minecraft:diamond_axe":35,"minecraft:terracotta":4,"minecraft:crafting_table":10,"minecraft:dripstone_block":1,"minecraft:cake":1,"minecraft:oak_log":1,"minecraft:diamond_pickaxe":206,"minecraft:iron_pickaxe":1024,"alexsmobs:kangaroo_meat":24,"minecraft:chiseled_stone_bricks":1,"minecraft:cobblestone":249,"minecraft:bucket":4,"alexsmobs:animal_dictionary":1},"minecraft:picked_up":{"minecraft:crafting_table":11,"minecraft:oak_stairs":1,"minecraft:red_bed":1,"minecraft:raw_copper":8,"minecraft:red_sand":3,"minecraft:cobbled_deepslate":540,"minecraft:sugar_cane":11,"minecraft:furnace":4,"minecraft:raw_iron":132,"minecraft:stick":6,"minecraft:brown_terracotta":2,"minecraft:torch":41,"minecraft:diorite":26,"minecraft:redstone":19,"minecraft:dark_oak_planks":1,"minecraft:jungle_stairs":1,"biomesoplenty:orange_sandstone":18,"alexsmobs:kangaroo_meat":33,"biomesoplenty:orange_sand":9,"minecraft:cobblestone":331,"evilcraft:environmental_accumulation_core":3,"minecraft:andesite":120,"minecraft:oak_log":75,"skilltree:gem":60,"minecraft:dirt":10,"minecraft:orange_terracotta":2,"minecraft:raw_gold":6,"minecraft:iron_ingot":10,"minecraft:oak_planks":1,"minecraft:chiseled_stone_bricks":1,"minecraft:dripstone_block":2,"minecraft:jungle_planks":1,"minecraft:sand":11,"minecraft:jungle_slab":1,"minecraft:light_gray_terracotta":2,"alexsmobs:kangaroo_hide":26,"minecraft:diamond":82,"minecraft:granite":17,"minecraft:terracotta":7,"minecraft:coal":173,"minecraft:diamond_pickaxe":3},"minecraft:dropped":{"minecraft:dripstone_block":1,"minecraft:cobblestone":25,"minecraft:granite":17,"minecraft:dirt":3,"biomesoplenty:orange_sand":8,"minecraft:diorite":12,"evilcraft:environmental_accumulation_core":2,"skilltree:gem":10,"minecraft:brown_terracotta":2,"minecraft:oak_stairs":1,"minecraft:raw_copper":8,"minecraft:light_gray_terracotta":2,"minecraft:oak_planks":9,"minecraft:filled_map":1,"minecraft:diamond_pickaxe":3,"minecraft:andesite":83,"biomesoplenty:orange_sandstone":16,"minecraft:wooden_pickaxe":1,"minecraft:terracotta":3}},"DataVersion":3465}