{"stats":{"minecraft:dropped":{"minecraft:raw_copper":8,"minecraft:light_gray_terracotta":2,"minecraft:dripstone_block":1,"minecraft:cobblestone":4,"minecraft:granite":17,"minecraft:dirt":3,"minecraft:andesite":46,"minecraft:brown_terracotta":2,"minecraft:wooden_pickaxe":1,"minecraft:terracotta":3},"minecraft:custom":{"minecraft:interact_with_furnace":18,"minecraft:interact_with_crafting_table":19,"minecraft:time_since_death":49038,"minecraft:time_since_rest":49038,"minecraft:sprint_one_cm":25597,"minecraft:damage_taken":16,"minecraft:walk_one_cm":144081,"minecraft:drop":11,"minecraft:swim_one_cm":5680,"minecraft:fly_one_cm":47216,"minecraft:open_chest":3,"minecraft:crouch_one_cm":16476,"minecraft:play_time":49038,"minecraft:sneak_time":3690,"minecraft:walk_under_water_one_cm":1716,"minecraft:jump":162,"minecraft:walk_on_water_one_cm":3737,"minecraft:total_world_time":49038,"minecraft:fall_one_cm":1792},"minecraft:broken":{"minecraft:stone_pickaxe":1,"minecraft:iron_pickaxe":1},"minecraft:used":{"minecraft:diorite":14,"minecraft:red_sand":3,"minecraft:stone_pickaxe":131,"minecraft:wooden_pickaxe":31,"minecraft:torch":21,"minecraft:terracotta":4,"minecraft:crafting_table":5,"minecraft:dripstone_block":1,"minecraft:iron_axe":4,"minecraft:iron_pickaxe":479,"minecraft:cobblestone":225,"minecraft:furnace":3,"minecraft:bucket":1,"alexsmobs:animal_dictionary":1,"minecraft:cobbled_deepslate":15,"minecraft:orange_terracotta":2},"minecraft:picked_up":{"minecraft:crafting_table":5,"minecraft:andesite":83,"minecraft:oak_log":11,"skilltree:gem":26,"minecraft:dirt":3,"minecraft:raw_copper":8,"minecraft:orange_terracotta":2,"minecraft:red_sand":3,"minecraft:cobbled_deepslate":35,"minecraft:iron_ingot":10,"minecraft:sugar_cane":11,"minecraft:furnace":3,"minecraft:raw_iron":132,"minecraft:brown_terracotta":2,"minecraft:torch":21,"minecraft:dripstone_block":2,"minecraft:diorite":20,"minecraft:light_gray_terracotta":2,"minecraft:diamond":4,"minecraft:granite":17,"minecraft:terracotta":7,"minecraft:coal":173,"minecraft:cobblestone":262},"minecraft:crafted":{"minecraft:oak_planks":44,"minecraft:crafting_table":2,"minecraft:wooden_pickaxe":1,"minecraft:iron_helmet":1,"minecraft:furnace":1,"minecraft:bucket":1,"minecraft:air":0,"minecraft:iron_boots":1,"minecraft:shield":1,"minecraft:iron_axe":1,"minecraft:stick":36,"minecraft:iron_ingot":26,"minecraft:iron_pickaxe":3,"minecraft:stone_pickaxe":1,"minecraft:iron_leggings":1,"minecraft:torch":32},"minecraft:mined":{"minecraft:diamond_ore":4,"minecraft:orange_terracotta":2,"minecraft:crafting_table":5,"minecraft:torch":10,"minecraft:light_gray_terracotta":2,"minecraft:granite":17,"minecraft:red_sand":3,"minecraft:copper_ore":2,"minecraft:cobblestone":6,"minecraft:sugar_cane":6,"minecraft:diorite":23,"minecraft:wall_torch":11,"minecraft:seagrass":1,"minecraft:tall_seagrass":3,"minecraft:furnace":3,"minecraft:iron_ore":91,"minecraft:andesite":58,"minecraft:oak_log":11,"minecraft:coal_ore":107,"minecraft:dripstone_block":1,"minecraft:dirt":5,"minecraft:brown_terracotta":2,"minecraft:terracotta":8,"minecraft:stone":258,"minecraft:oak_leaves":1,"minecraft:deepslate":35}},"DataVersion":3465}