{"stats":{"minecraft:used":{"minecraft:stone_pickaxe":109,"minecraft:oak_planks":1,"minecraft:wooden_pickaxe":3,"minecraft:crafting_table":4,"minecraft:oak_log":1,"minecraft:iron_axe":21,"minecraft:iron_pickaxe":531,"minecraft:cobblestone":7,"minecraft:gray_bed":1,"minecraft:andesite":2},"minecraft:dropped":{"minecraft:cobbled_deepslate":3,"minecraft:raw_copper":2,"minecraft:mossy_cobblestone":1,"minecraft:cobblestone":60,"minecraft:granite":6,"minecraft:flint":1,"minecraft:diorite":29,"minecraft:wooden_pickaxe":1},"minecraft:mined":{"alexscaves:spelunkery_table":1,"minecraft:diamond_ore":3,"minecraft:tuff":14,"minecraft:mossy_cobblestone":1,"minecraft:deepslate_diamond_ore":2,"minecraft:crafting_table":5,"minecraft:granite":6,"samurai_dynasty:jade_ore":2,"minecraft:copper_ore":1,"minecraft:cobblestone":3,"minecraft:deepslate_coal_ore":10,"minecraft:oak_planks":1,"minecraft:diorite":31,"minecraft:redstone_ore":4,"minecraft:furnace":1,"minecraft:iron_ore":35,"minecraft:gray_bed":2,"minecraft:spruce_log":5,"minecraft:andesite":2,"minecraft:tnt":3,"minecraft:black_bed":2,"minecraft:brown_bed":1,"minecraft:bookshelf":1,"minecraft:coal_ore":35,"minecraft:oak_log":15,"minecraft:deepslate_iron_ore":14,"minecraft:gravel":1,"minecraft:stone":192,"minecraft:deepslate":281,"minecraft:fern":1},"minecraft:custom":{"minecraft:interact_with_furnace":7,"minecraft:interact_with_crafting_table":8,"minecraft:open_barrel":1,"minecraft:time_since_death":30155,"minecraft:sleep_in_bed":4,"minecraft:climb_one_cm":1546,"minecraft:time_since_rest":17048,"minecraft:sprint_one_cm":16679,"minecraft:damage_taken":40,"minecraft:walk_one_cm":106597,"minecraft:drop":10,"minecraft:fly_one_cm":15822,"minecraft:crouch_one_cm":4694,"minecraft:play_time":30155,"minecraft:sneak_time":849,"minecraft:jump":62,"minecraft:walk_on_water_one_cm":175,"minecraft:total_world_time":30155,"minecraft:fall_one_cm":1647},"minecraft:broken":{"minecraft:iron_pickaxe":2},"minecraft:crafted":{"minecraft:oak_planks":56,"minecraft:crafting_table":1,"minecraft:spruce_planks":20,"minecraft:wooden_pickaxe":1,"minecraft:bucket":1,"minecraft:air":0,"minecraft:iron_axe":1,"minecraft:stick":16,"minecraft:stone_pickaxe":1,"minecraft:iron_ingot":10,"minecraft:iron_pickaxe":2},"minecraft:picked_up":{"minecraft:crafting_table":5,"minecraft:andesite":2,"minecraft:black_bed":2,"samurai_dynasty:jade":2,"minecraft:brown_bed":1,"minecraft:flint":1,"minecraft:tuff":14,"minecraft:oak_log":15,"minecraft:raw_copper":2,"minecraft:cobbled_deepslate":280,"minecraft:gray_bed":2,"minecraft:oak_planks":1,"minecraft:furnace":1,"minecraft:book":3,"minecraft:raw_iron":49,"minecraft:diorite":29,"minecraft:spruce_log":5,"minecraft:redstone":18,"minecraft:mossy_cobblestone":1,"minecraft:tnt":3,"minecraft:diamond":5,"alexscaves:spelunkery_table":1,"minecraft:granite":6,"minecraft:coal":45,"minecraft:cobblestone":193}},"DataVersion":3465}