{"stats":{"minecraft:used":{"epicfight:skillbook":1,"minecraft:stone_pickaxe":2,"minecraft:wooden_pickaxe":30,"minecraft:stone_axe":30,"minecraft:sweet_berries":33,"wom:moonless":40},"minecraft:dropped":{"wom:moonless":1,"minecraft:rotten_flesh":2},"minecraft:killed_by":{"minecraft:player":1,"minecraft:skeleton":1,"minecraft:zombie":1},"minecraft:custom":{"minecraft:time_since_rest":7241,"minecraft:interact_with_furnace":2,"minecraft:sprint_one_cm":248193,"minecraft:damage_taken":1122,"minecraft:walk_one_cm":165199,"minecraft:mob_kills":7,"minecraft:drop":3,"minecraft:damage_dealt":2287,"minecraft:player_kills":4,"minecraft:fly_one_cm":352307,"minecraft:interact_with_crafting_table":5,"minecraft:swim_one_cm":8427,"minecraft:play_time":31597,"minecraft:deaths":4,"minecraft:walk_under_water_one_cm":3577,"minecraft:jump":753,"minecraft:walk_on_water_one_cm":4748,"minecraft:time_since_death":7208,"minecraft:total_world_time":31597,"minecraft:fall_one_cm":16728},"minecraft:mined":{"minecraft:large_fern":11,"minecraft:sweet_berry_bush":11,"minecraft:spruce_log":18,"minecraft:grass":1,"minecraft:spruce_leaves":7,"minecraft:stone":30},"minecraft:killed":{"minecraft:skeleton":1,"minecraft:zombie":2,"minecraft:fox":1,"minecraft:stray":1,"minecraft:spider":1,"minecraft:creeper":1},"minecraft:crafted":{"minecraft:crafting_table":1,"minecraft:spruce_planks":68,"minecraft:stick":8,"minecraft:iron_pickaxe":1,"minecraft:iron_ingot":3,"minecraft:wooden_pickaxe":1,"minecraft:stone_pickaxe":1,"minecraft:wooden_axe":1,"minecraft:stone_axe":1},"minecraft:picked_up":{"minecraft:stick":3,"minecraft:sweet_berries":29,"epicfight:skillbook":1,"minecraft:gunpowder":1,"minecraft:spruce_log":17,"minecraft:spider_eye":1,"minecraft:string":2,"minecraft:arrow":2,"minecraft:bone":1,"minecraft:rotten_flesh":4,"minecraft:wheat_seeds":1,"wom:moonless":2,"minecraft:cobblestone":30}},"DataVersion":3465}