{"stats":{"minecraft:used":{"epicfight:skillbook":1,"minecraft:wooden_pickaxe":30,"minecraft:stone_axe":5,"minecraft:sweet_berries":31,"wom:moonless":36},"minecraft:dropped":{"wom:moonless":1,"minecraft:rotten_flesh":2},"minecraft:killed_by":{"minecraft:player":1,"minecraft:skeleton":1,"minecraft:zombie":1},"minecraft:mined":{"minecraft:sweet_berry_bush":11,"minecraft:spruce_log":13,"minecraft:spruce_leaves":1,"minecraft:stone":30},"minecraft:custom":{"minecraft:time_since_rest":3589,"minecraft:sprint_one_cm":176185,"minecraft:damage_taken":872,"minecraft:walk_one_cm":84630,"minecraft:mob_kills":6,"minecraft:drop":3,"minecraft:damage_dealt":1894,"minecraft:player_kills":2,"minecraft:fly_one_cm":250506,"minecraft:interact_with_crafting_table":3,"minecraft:swim_one_cm":6684,"minecraft:play_time":19597,"minecraft:deaths":3,"minecraft:walk_under_water_one_cm":1499,"minecraft:jump":460,"minecraft:walk_on_water_one_cm":2393,"minecraft:time_since_death":3547,"minecraft:total_world_time":19597,"minecraft:fall_one_cm":9504},"minecraft:killed":{"minecraft:skeleton":1,"minecraft:zombie":2,"minecraft:stray":1,"minecraft:spider":1,"minecraft:creeper":1},"minecraft:crafted":{"minecraft:crafting_table":1,"minecraft:spruce_planks":36,"minecraft:stick":8,"minecraft:wooden_pickaxe":1,"minecraft:stone_pickaxe":1,"minecraft:wooden_axe":1,"minecraft:stone_axe":1},"minecraft:picked_up":{"minecraft:stick":3,"minecraft:sweet_berries":29,"epicfight:skillbook":1,"minecraft:gunpowder":1,"minecraft:spruce_log":12,"minecraft:spider_eye":1,"minecraft:string":2,"minecraft:arrow":2,"minecraft:bone":1,"minecraft:rotten_flesh":4,"wom:moonless":2,"minecraft:cobblestone":30}},"DataVersion":3465}