{"stats":{"minecraft:used":{"minecraft:wooden_pickaxe":30,"wom:moonless":10},"minecraft:mined":{"minecraft:spruce_leaves":1,"minecraft:spruce_log":11,"minecraft:stone":30},"minecraft:killed_by":{"minecraft:player":1},"minecraft:custom":{"minecraft:time_since_rest":4702,"minecraft:play_time":7597,"minecraft:sprint_one_cm":64530,"minecraft:walk_one_cm":34945,"minecraft:damage_taken":287,"minecraft:deaths":1,"minecraft:walk_under_water_one_cm":1022,"minecraft:jump":95,"minecraft:damage_dealt":472,"minecraft:time_since_death":4676,"minecraft:walk_on_water_one_cm":2164,"minecraft:total_world_time":7597,"minecraft:swim_one_cm":5783,"minecraft:interact_with_crafting_table":3,"minecraft:fall_one_cm":2696,"minecraft:fly_one_cm":48990,"minecraft:player_kills":2},"minecraft:crafted":{"minecraft:stone_axe":1,"minecraft:crafting_table":1,"minecraft:spruce_planks":36,"minecraft:stick":8,"minecraft:stone_pickaxe":1,"minecraft:wooden_pickaxe":1,"minecraft:wooden_axe":1},"minecraft:picked_up":{"minecraft:stick":1,"wom:moonless":1,"minecraft:spruce_log":9,"minecraft:cobblestone":30}},"DataVersion":3465}