{"stats":{"minecraft:used":{"epicfight:skillbook":1,"minecraft:stone_pickaxe":4,"minecraft:wooden_pickaxe":30,"minecraft:stone_axe":30,"minecraft:glow_berries":17,"minecraft:sweet_berries":33,"wom:moonless":52},"minecraft:killed_by":{"minecraft:player":1,"minecraft:skeleton":2,"minecraft:zombie":1},"minecraft:dropped":{"minecraft:wheat_seeds":1,"wom:moonless":1,"minecraft:rotten_flesh":2},"minecraft:custom":{"minecraft:time_since_rest":5861,"minecraft:interact_with_furnace":12,"minecraft:sprint_one_cm":273618,"minecraft:damage_taken":1302,"minecraft:walk_one_cm":204077,"minecraft:mob_kills":11,"minecraft:drop":4,"minecraft:damage_dealt":3091,"minecraft:player_kills":4,"minecraft:fly_one_cm":393281,"minecraft:interact_with_crafting_table":5,"minecraft:swim_one_cm":8427,"minecraft:play_time":43597,"minecraft:deaths":5,"minecraft:walk_under_water_one_cm":4775,"minecraft:jump":912,"minecraft:walk_on_water_one_cm":13165,"minecraft:time_since_death":5833,"minecraft:climb_one_cm":380,"minecraft:total_world_time":43597,"minecraft:fall_one_cm":20577},"minecraft:mined":{"minecraft:large_fern":11,"minecraft:furnace":1,"minecraft:sweet_berry_bush":11,"minecraft:spruce_log":18,"minecraft:cave_vines_plant":2,"minecraft:grass":1,"minecraft:cave_vines":19,"minecraft:spruce_leaves":7,"minecraft:stone":30},"minecraft:killed":{"minecraft:skeleton":1,"minecraft:zombie":5,"minecraft:fox":1,"minecraft:stray":1,"minecraft:spider":2,"minecraft:creeper":1},"minecraft:crafted":{"minecraft:crafting_table":1,"minecraft:spruce_planks":68,"minecraft:stick":8,"minecraft:iron_pickaxe":1,"minecraft:iron_ingot":7,"minecraft:wooden_pickaxe":1,"minecraft:stone_pickaxe":1,"minecraft:wooden_axe":1,"minecraft:stone_axe":1,"minecraft:air":0},"minecraft:picked_up":{"minecraft:stick":3,"minecraft:sweet_berries":29,"epicfight:skillbook":1,"minecraft:shield":1,"minecraft:gunpowder":1,"minecraft:spruce_log":17,"minecraft:spider_eye":2,"minecraft:string":4,"minecraft:arrow":3,"minecraft:bone":1,"minecraft:rotten_flesh":7,"minecraft:wheat_seeds":2,"wom:moonless":2,"minecraft:glow_berries":12,"minecraft:cobblestone":33,"minecraft:furnace":1}},"DataVersion":3465}