{"stats":{"minecraft:custom":{"minecraft:time_since_rest":10255,"minecraft:sprint_one_cm":81424,"minecraft:damage_taken":805,"minecraft:walk_one_cm":161992,"minecraft:mob_kills":2,"minecraft:damage_dealt":281,"minecraft:swim_one_cm":2357,"minecraft:interact_with_crafting_table":1,"minecraft:fly_one_cm":53315,"minecraft:crouch_one_cm":983,"minecraft:play_time":15120,"minecraft:deaths":2,"minecraft:sneak_time":1036,"minecraft:walk_under_water_one_cm":395,"minecraft:jump":262,"minecraft:walk_on_water_one_cm":2389,"minecraft:time_since_death":10228,"minecraft:total_world_time":15120,"minecraft:fall_one_cm":9641},"minecraft:used":{"minecraft:stone_pickaxe":2,"minecraft:wooden_pickaxe":45,"minecraft:crafting_table":1},"minecraft:killed":{"minecraft:cave_spider":1,"minecraft:zombie":1},"minecraft:picked_up":{"minecraft:stick":2,"minecraft:raw_iron":2,"biomesoplenty:dried_salt":9,"iceandfire:fire_lily":2,"minecraft:wooden_pickaxe":1,"biomesoplenty:dead_log":4,"skilltree:gem":3,"minecraft:string":1,"minecraft:bone":2,"minecraft:arrow":3,"minecraft:coal":21,"minecraft:cobblestone":8},"minecraft:crafted":{"biomesoplenty:dead_planks":16,"minecraft:crafting_table":1,"minecraft:stone_pickaxe":1},"minecraft:mined":{"minecraft:iron_ore":2,"biomesoplenty:dead_leaves":1,"biomesoplenty:dead_log":4,"minecraft:coal_ore":21,"minecraft:dead_bush":2,"iceandfire:fire_lily":2,"biomesoplenty:stringy_cobweb":1,"biomesoplenty:dried_salt":9,"minecraft:stone":7,"biomesoplenty:spider_egg":1},"minecraft:killed_by":{"minecraft:spider":1}},"DataVersion":3465}