{"stats":{"minecraft:used":{"wom:herrscher":105,"minecraft:stone_pickaxe":120,"minecraft:wooden_pickaxe":4,"iceandfire:armor_sapphire_helmet":1,"minecraft:cooked_chicken":2,"minecraft:mutton":6,"minecraft:crafting_table":2,"minecraft:white_bed":1,"minecraft:iron_pickaxe":10,"minecraft:gravel":5,"minecraft:cobblestone":24,"minecraft:cooked_porkchop":2,"minecraft:furnace":2,"minecraft:porkchop":5,"iceandfire:frozen_cobblestone":2,"minecraft:cobbled_deepslate":22},"minecraft:dropped":{"minecraft:cooked_porkchop":1,"minecraft:rotten_flesh":3,"iceandfire:frost_lily":1,"minecraft:black_wool":2},"minecraft:killed_by":{"minecraft:player":1,"iceandfire:ice_dragon":3,"alexsmobs:grizzly_bear":1},"minecraft:mined":{"minecraft:white_bed":1,"minecraft:brown_mushroom":4,"iceandfire:frozen_cobblestone":1,"minecraft:clay":11,"minecraft:crafting_table":1,"minecraft:granite":1,"iceandfire:frozen_stone":3,"minecraft:tall_grass":1,"minecraft:spruce_leaves":12,"minecraft:moss_block":5,"minecraft:diorite":2,"minecraft:iron_ore":14,"minecraft:cobbled_deepslate":1,"samurai_dynasty:deepslate_jade_ore":10,"minecraft:spruce_log":6,"minecraft:grass":3,"minecraft:coal_ore":26,"minecraft:gravel":5,"iceandfire:frost_lily":7,"minecraft:stone":54,"minecraft:deepslate":22},"minecraft:custom":{"minecraft:interact_with_furnace":6,"minecraft:mob_kills":25,"minecraft:interact_with_crafting_table":6,"minecraft:time_since_death":23433,"minecraft:sleep_in_bed":1,"minecraft:time_since_rest":323,"minecraft:sprint_one_cm":317617,"minecraft:damage_taken":1660,"minecraft:walk_one_cm":579954,"minecraft:drop":4,"minecraft:damage_dealt":5979,"minecraft:swim_one_cm":31456,"minecraft:fly_one_cm":150994,"minecraft:player_kills":2,"minecraft:crouch_one_cm":988,"minecraft:play_time":56294,"minecraft:deaths":5,"minecraft:sneak_time":259,"minecraft:walk_under_water_one_cm":1751,"minecraft:jump":790,"minecraft:walk_on_water_one_cm":4334,"minecraft:total_world_time":56294,"minecraft:fall_one_cm":14307},"minecraft:killed":{"minecraft:wolf":1,"minecraft:pig":4,"minecraft:spider":1,"minecraft:sheep":4,"minecraft:skeleton":3,"minecraft:zombie":4,"iceandfire:ghost":1,"minecraft:chicken":4,"alexsmobs:moose":2,"iceandfire:ice_dragon":1},"minecraft:crafted":{"minecraft:cooked_porkchop":1,"minecraft:crafting_table":1,"minecraft:spruce_planks":24,"minecraft:wooden_pickaxe":2,"minecraft:cooked_chicken":3,"minecraft:furnace":2,"minecraft:air":0,"minecraft:stick":8,"minecraft:iron_ingot":3,"minecraft:iron_pickaxe":1,"minecraft:stone_pickaxe":1},"minecraft:picked_up":{"minecraft:crafting_table":1,"minecraft:feather":5,"minecraft:chicken":3,"minecraft:clay_ball":40,"minecraft:brown_mushroom":4,"samurai_dynasty:jade":10,"iceandfire:frozen_cobblestone":8,"iceandfire:frozen_stone":5,"wom:gesetz":1,"minecraft:bone":1,"minecraft:wheat_seeds":1,"minecraft:cobbled_deepslate":22,"iceandfire:frost_lily":8,"minecraft:light_gray_wool":1,"minecraft:moss_block":3,"minecraft:raw_iron":14,"wom:herrscher":1,"minecraft:stick":1,"iceandfire:dragonbone":3,"minecraft:cooked_porkchop":2,"minecraft:gravel":5,"minecraft:porkchop":9,"minecraft:spruce_sapling":3,"minecraft:white_bed":1,"minecraft:ink_sac":1,"minecraft:diorite":2,"minecraft:spruce_log":8,"iceandfire:armor_sapphire_helmet":1,"iceandfire:dragon_skull_ice":1,"minecraft:arrow":4,"minecraft:rotten_flesh":9,"minecraft:granite":1,"alexsmobs:moose_ribs":5,"minecraft:black_wool":2,"minecraft:mutton":6,"minecraft:coal":26,"minecraft:white_wool":2,"minecraft:cobblestone":54}},"DataVersion":3465}