{"stats":{"minecraft:used":{"minecraft:mutton":6,"wom:herrscher":15,"minecraft:crafting_table":1,"minecraft:wooden_pickaxe":4},"minecraft:mined":{"minecraft:spruce_leaves":1,"minecraft:spruce_log":6,"minecraft:stone":4,"minecraft:crafting_table":1},"minecraft:custom":{"minecraft:time_since_rest":8294,"minecraft:crouch_one_cm":320,"minecraft:play_time":8294,"minecraft:sprint_one_cm":37916,"minecraft:damage_taken":124,"minecraft:walk_one_cm":110866,"minecraft:sneak_time":49,"minecraft:mob_kills":8,"minecraft:jump":100,"minecraft:damage_dealt":748,"minecraft:time_since_death":8294,"minecraft:total_world_time":8294,"minecraft:interact_with_crafting_table":2,"minecraft:fall_one_cm":1359,"minecraft:fly_one_cm":14817},"minecraft:killed":{"minecraft:sheep":4,"minecraft:wolf":1,"minecraft:pig":3},"minecraft:crafted":{"minecraft:crafting_table":1,"minecraft:spruce_planks":24,"minecraft:stick":8,"minecraft:stone_pickaxe":1,"minecraft:wooden_pickaxe":2},"minecraft:picked_up":{"minecraft:crafting_table":1,"wom:herrscher":1,"minecraft:stick":1,"minecraft:porkchop":6,"minecraft:light_gray_wool":1,"minecraft:spruce_log":6,"minecraft:black_wool":2,"minecraft:cobblestone":4,"minecraft:mutton":6,"minecraft:white_wool":2,"wom:gesetz":1}},"DataVersion":3465}