{"stats":{"minecraft:used":{"wom:herrscher":44,"minecraft:stone_pickaxe":92,"minecraft:iron_pickaxe":10,"minecraft:wooden_pickaxe":4,"minecraft:gravel":5,"minecraft:cobblestone":24,"minecraft:mutton":6,"minecraft:crafting_table":2,"minecraft:porkchop":5,"minecraft:furnace":1,"minecraft:cobbled_deepslate":22},"minecraft:killed_by":{"iceandfire:ice_dragon":2,"alexsmobs:grizzly_bear":1},"minecraft:dropped":{"iceandfire:frost_lily":1},"minecraft:mined":{"minecraft:iron_ore":14,"minecraft:cobbled_deepslate":1,"samurai_dynasty:deepslate_jade_ore":10,"minecraft:spruce_log":6,"minecraft:clay":11,"minecraft:crafting_table":1,"minecraft:granite":1,"minecraft:grass":2,"minecraft:gravel":5,"minecraft:tall_grass":1,"iceandfire:frost_lily":1,"minecraft:spruce_leaves":1,"minecraft:stone":53,"minecraft:moss_block":5,"minecraft:diorite":2,"minecraft:deepslate":22},"minecraft:custom":{"minecraft:time_since_rest":551,"minecraft:interact_with_furnace":2,"minecraft:sprint_one_cm":165160,"minecraft:damage_taken":981,"minecraft:walk_one_cm":288918,"minecraft:mob_kills":13,"minecraft:drop":1,"minecraft:damage_dealt":2477,"minecraft:player_kills":1,"minecraft:swim_one_cm":31456,"minecraft:fly_one_cm":72700,"minecraft:interact_with_crafting_table":4,"minecraft:crouch_one_cm":988,"minecraft:play_time":32294,"minecraft:deaths":3,"minecraft:sneak_time":259,"minecraft:walk_under_water_one_cm":1751,"minecraft:jump":486,"minecraft:walk_on_water_one_cm":4334,"minecraft:time_since_death":503,"minecraft:total_world_time":32294,"minecraft:fall_one_cm":8822},"minecraft:killed":{"minecraft:skeleton":1,"minecraft:sheep":4,"minecraft:wolf":1,"minecraft:pig":3,"minecraft:chicken":4},"minecraft:crafted":{"minecraft:crafting_table":1,"minecraft:spruce_planks":24,"minecraft:stick":8,"minecraft:iron_pickaxe":1,"minecraft:iron_ingot":3,"minecraft:wooden_pickaxe":2,"minecraft:stone_pickaxe":1,"minecraft:furnace":1,"minecraft:air":0},"minecraft:picked_up":{"minecraft:stick":1,"wom:herrscher":1,"minecraft:crafting_table":1,"minecraft:raw_iron":14,"minecraft:feather":4,"minecraft:chicken":3,"minecraft:clay_ball":40,"samurai_dynasty:jade":10,"minecraft:gravel":5,"minecraft:porkchop":6,"minecraft:spruce_sapling":2,"minecraft:diorite":2,"minecraft:spruce_log":7,"wom:gesetz":1,"minecraft:arrow":1,"minecraft:wheat_seeds":1,"minecraft:cobbled_deepslate":22,"iceandfire:frost_lily":2,"minecraft:granite":1,"minecraft:light_gray_wool":1,"minecraft:moss_block":3,"minecraft:black_wool":2,"minecraft:mutton":6,"minecraft:white_wool":2,"minecraft:cobblestone":53}},"DataVersion":3465}