{"stats":{"minecraft:custom":{"minecraft:time_since_rest":13338,"minecraft:sprint_one_cm":184077,"minecraft:damage_taken":1513,"minecraft:walk_one_cm":530360,"minecraft:mob_kills":11,"minecraft:damage_dealt":1173,"minecraft:swim_one_cm":14690,"minecraft:interact_with_crafting_table":1,"minecraft:fly_one_cm":98217,"minecraft:crouch_one_cm":6296,"minecraft:play_time":39120,"minecraft:deaths":5,"minecraft:sneak_time":1434,"minecraft:walk_under_water_one_cm":6427,"minecraft:boat_one_cm":90368,"minecraft:jump":557,"minecraft:eat_cake_slice":7,"minecraft:walk_on_water_one_cm":16631,"minecraft:time_since_death":13299,"minecraft:climb_one_cm":16,"minecraft:total_world_time":39120,"minecraft:fall_one_cm":14338},"minecraft:used":{"minecraft:stone_pickaxe":21,"minecraft:wooden_pickaxe":45,"minecraft:rotten_flesh":2,"minecraft:wooden_sword":29,"minecraft:torch":3,"minecraft:crafting_table":1,"minecraft:cake":1},"minecraft:killed":{"minecraft:cave_spider":1,"minecraft:pig":4,"minecraft:zombie":2,"minecraft:chicken":4},"minecraft:picked_up":{"biomesoplenty:toadstool":4,"minecraft:crafting_table":1,"minecraft:stick":2,"minecraft:raw_iron":2,"minecraft:feather":3,"minecraft:chicken":4,"biomesoplenty:dried_salt":9,"iceandfire:fire_lily":6,"minecraft:brown_mushroom":1,"minecraft:torch":1,"minecraft:wooden_pickaxe":1,"biomesoplenty:dead_log":4,"minecraft:porkchop":11,"minecraft:dirt":10,"skilltree:gem":3,"minecraft:string":1,"minecraft:wooden_sword":1,"minecraft:bone":2,"minecraft:arrow":3,"minecraft:rotten_flesh":8,"minecraft:melon_slice":10,"biomesoplenty:wildflower":4,"biomesoplenty:orange_cosmos":1,"minecraft:coal":21,"minecraft:cobblestone":8},"minecraft:crafted":{"biomesoplenty:dead_planks":16,"minecraft:crafting_table":1,"minecraft:stick":12,"minecraft:stone_pickaxe":1,"minecraft:torch":48},"minecraft:mined":{"minecraft:brown_mushroom":1,"biomesoplenty:orange_cosmos":1,"biomesoplenty:toadstool":4,"minecraft:iron_ore":2,"biomesoplenty:wildflower":4,"biomesoplenty:desert_grass":1,"minecraft:torch":1,"minecraft:crafting_table":1,"minecraft:melon":2,"biomesoplenty:dead_leaves":1,"minecraft:grass":3,"biomesoplenty:dead_log":4,"minecraft:grass_block":6,"minecraft:coal_ore":21,"minecraft:dead_bush":2,"minecraft:dirt":4,"iceandfire:fire_lily":6,"biomesoplenty:stringy_cobweb":1,"biomesoplenty:dried_salt":9,"minecraft:stone":7,"biomesoplenty:spider_egg":1,"minecraft:oak_leaves":1,"minecraft:fern":1},"minecraft:killed_by":{"minecraft:skeleton":1,"minecraft:spider":1,"minecraft:zombie":1}},"DataVersion":3465}