{"stats":{"minecraft:used":{"wom:herrscher":85,"minecraft:stone_pickaxe":119,"minecraft:wooden_pickaxe":4,"minecraft:mutton":6,"minecraft:crafting_table":2,"minecraft:iron_pickaxe":10,"minecraft:gravel":5,"minecraft:cobblestone":24,"minecraft:cooked_porkchop":2,"minecraft:furnace":2,"minecraft:porkchop":5,"minecraft:cobbled_deepslate":22},"minecraft:dropped":{"minecraft:cooked_porkchop":1,"minecraft:rotten_flesh":3,"iceandfire:frost_lily":1,"minecraft:black_wool":2},"minecraft:killed_by":{"minecraft:player":1,"iceandfire:ice_dragon":3,"alexsmobs:grizzly_bear":1},"minecraft:mined":{"minecraft:brown_mushroom":4,"minecraft:clay":11,"minecraft:crafting_table":1,"minecraft:granite":1,"minecraft:tall_grass":1,"minecraft:spruce_leaves":10,"minecraft:moss_block":5,"minecraft:diorite":2,"minecraft:iron_ore":14,"minecraft:cobbled_deepslate":1,"samurai_dynasty:deepslate_jade_ore":10,"minecraft:spruce_log":6,"minecraft:grass":2,"minecraft:coal_ore":26,"minecraft:gravel":5,"iceandfire:frost_lily":1,"minecraft:stone":54,"minecraft:deepslate":22},"minecraft:custom":{"minecraft:interact_with_furnace":6,"minecraft:mob_kills":21,"minecraft:interact_with_crafting_table":5,"minecraft:time_since_death":11433,"minecraft:time_since_rest":11514,"minecraft:sprint_one_cm":199391,"minecraft:damage_taken":1604,"minecraft:walk_one_cm":439001,"minecraft:drop":4,"minecraft:damage_dealt":4602,"minecraft:swim_one_cm":31456,"minecraft:fly_one_cm":93088,"minecraft:player_kills":2,"minecraft:crouch_one_cm":988,"minecraft:play_time":44294,"minecraft:deaths":5,"minecraft:sneak_time":259,"minecraft:walk_under_water_one_cm":1751,"minecraft:jump":603,"minecraft:walk_on_water_one_cm":4334,"minecraft:total_world_time":44294,"minecraft:fall_one_cm":11354},"minecraft:killed":{"minecraft:wolf":1,"minecraft:pig":3,"minecraft:spider":1,"minecraft:sheep":4,"minecraft:skeleton":3,"minecraft:zombie":4,"minecraft:chicken":4,"iceandfire:ice_dragon":1},"minecraft:crafted":{"minecraft:cooked_porkchop":1,"minecraft:crafting_table":1,"minecraft:spruce_planks":24,"minecraft:wooden_pickaxe":2,"minecraft:cooked_chicken":3,"minecraft:furnace":2,"minecraft:air":0,"minecraft:stick":8,"minecraft:iron_ingot":3,"minecraft:iron_pickaxe":1,"minecraft:stone_pickaxe":1},"minecraft:picked_up":{"minecraft:crafting_table":1,"minecraft:feather":4,"minecraft:chicken":3,"minecraft:clay_ball":40,"minecraft:brown_mushroom":4,"samurai_dynasty:jade":10,"wom:gesetz":1,"minecraft:bone":1,"minecraft:wheat_seeds":1,"minecraft:cobbled_deepslate":22,"iceandfire:frost_lily":2,"minecraft:light_gray_wool":1,"minecraft:moss_block":3,"minecraft:raw_iron":14,"wom:herrscher":1,"minecraft:stick":1,"minecraft:cooked_porkchop":2,"minecraft:gravel":5,"minecraft:porkchop":6,"minecraft:spruce_sapling":3,"minecraft:diorite":2,"minecraft:spruce_log":8,"iceandfire:armor_sapphire_helmet":1,"minecraft:arrow":4,"minecraft:rotten_flesh":9,"minecraft:granite":1,"minecraft:black_wool":2,"minecraft:mutton":6,"minecraft:coal":26,"minecraft:white_wool":2,"minecraft:cobblestone":54}},"DataVersion":3465}