{"stats":{"minecraft:custom":{"minecraft:time_since_rest":1338,"minecraft:sprint_one_cm":138711,"minecraft:damage_taken":1503,"minecraft:walk_one_cm":344245,"minecraft:mob_kills":3,"minecraft:damage_dealt":613,"minecraft:swim_one_cm":3465,"minecraft:interact_with_crafting_table":1,"minecraft:fly_one_cm":83827,"minecraft:crouch_one_cm":6296,"minecraft:play_time":27120,"minecraft:deaths":5,"minecraft:sneak_time":1434,"minecraft:walk_under_water_one_cm":2163,"minecraft:jump":452,"minecraft:eat_cake_slice":7,"minecraft:walk_on_water_one_cm":10338,"minecraft:time_since_death":1299,"minecraft:total_world_time":27120,"minecraft:fall_one_cm":12747},"minecraft:used":{"minecraft:stone_pickaxe":21,"minecraft:wooden_pickaxe":45,"minecraft:rotten_flesh":2,"minecraft:wooden_sword":7,"minecraft:torch":3,"minecraft:crafting_table":1,"minecraft:cake":1},"minecraft:killed":{"minecraft:cave_spider":1,"minecraft:zombie":2},"minecraft:picked_up":{"minecraft:crafting_table":1,"minecraft:stick":2,"minecraft:raw_iron":2,"biomesoplenty:dried_salt":9,"iceandfire:fire_lily":5,"minecraft:torch":1,"minecraft:wooden_pickaxe":1,"biomesoplenty:dead_log":4,"minecraft:dirt":9,"skilltree:gem":3,"minecraft:string":1,"minecraft:wooden_sword":1,"minecraft:bone":2,"minecraft:arrow":3,"minecraft:rotten_flesh":8,"biomesoplenty:wildflower":4,"minecraft:coal":21,"minecraft:cobblestone":8},"minecraft:crafted":{"biomesoplenty:dead_planks":16,"minecraft:crafting_table":1,"minecraft:stick":12,"minecraft:stone_pickaxe":1,"minecraft:torch":48},"minecraft:mined":{"minecraft:iron_ore":2,"biomesoplenty:wildflower":4,"biomesoplenty:desert_grass":1,"minecraft:torch":1,"minecraft:crafting_table":1,"biomesoplenty:dead_leaves":1,"minecraft:grass":2,"biomesoplenty:dead_log":4,"minecraft:grass_block":5,"minecraft:coal_ore":21,"minecraft:dead_bush":2,"minecraft:dirt":4,"iceandfire:fire_lily":5,"biomesoplenty:stringy_cobweb":1,"biomesoplenty:dried_salt":9,"minecraft:stone":7,"biomesoplenty:spider_egg":1},"minecraft:killed_by":{"minecraft:skeleton":1,"minecraft:spider":1,"minecraft:zombie":1}},"DataVersion":3465}