{"stats":{"minecraft:broken":{"minecraft:golden_sword":1,"minecraft:wooden_sword":1},"minecraft:killed":{"minecraft:cave_spider":1,"minecraft:pig":6,"minecraft:skeleton":1,"minecraft:zombie":3,"iceandfire:fire_dragon":1,"minecraft:chicken":7,"minecraft:cow":1},"minecraft:custom":{"minecraft:interact_with_furnace":7,"minecraft:mob_kills":20,"minecraft:interact_with_crafting_table":3,"minecraft:eat_cake_slice":7,"minecraft:leave_game":1,"minecraft:time_since_death":3901,"minecraft:sleep_in_bed":1,"minecraft:climb_one_cm":16,"minecraft:time_since_rest":3934,"minecraft:sprint_one_cm":272768,"minecraft:damage_taken":4661,"minecraft:walk_one_cm":895711,"minecraft:drop":24,"minecraft:damage_dealt":4987,"minecraft:swim_one_cm":21515,"minecraft:talked_to_villager":3,"minecraft:fly_one_cm":160723,"minecraft:open_chest":20,"minecraft:crouch_one_cm":7768,"minecraft:play_time":86930,"minecraft:deaths":14,"minecraft:sneak_time":1582,"minecraft:walk_under_water_one_cm":32734,"minecraft:boat_one_cm":182855,"minecraft:jump":1023,"minecraft:walk_on_water_one_cm":40059,"minecraft:total_world_time":86930,"minecraft:fall_one_cm":23042},"minecraft:crafted":{"minecraft:cooked_beef":5,"minecraft:oak_planks":12,"biomesoplenty:dead_planks":16,"minecraft:cooked_porkchop":10,"minecraft:crafting_table":1,"minecraft:cooked_chicken":4,"minecraft:furnace":1,"minecraft:air":0,"minecraft:stick":12,"minecraft:stone_pickaxe":1,"minecraft:torch":48},"minecraft:killed_by":{"samurai_dynasty:jorogumo":1,"iceandfire:cyclops":2,"minecraft:skeleton":1,"minecraft:spider":1,"minecraft:zombie":1,"iceandfire:fire_dragon":6},"minecraft:mined":{"minecraft:white_bed":1,"minecraft:brown_mushroom":1,"biomesoplenty:wildflower":4,"biomesoplenty:desert_grass":1,"minecraft:crafting_table":2,"minecraft:torch":1,"biomesoplenty:dead_leaves":1,"minecraft:grass_block":12,"minecraft:melon":2,"minecraft:dead_bush":2,"iceandfire:fire_lily":7,"biomesoplenty:dried_salt":9,"minecraft:bricks":1,"minecraft:seagrass":1,"minecraft:furnace":1,"minecraft:carrots":2,"biomesoplenty:orange_cosmos":1,"biomesoplenty:toadstool":4,"minecraft:iron_ore":2,"minecraft:wheat":1,"biomesoplenty:pink_daffodil":1,"biomesoplenty:sea_oats":12,"minecraft:grass":5,"biomesoplenty:dead_log":4,"minecraft:oak_log":3,"minecraft:coal_ore":21,"minecraft:sand":7,"minecraft:dirt":5,"biomesoplenty:stringy_cobweb":1,"biomesoplenty:dead_planks":1,"biomesoplenty:spider_egg":1,"minecraft:stone":14,"biomesoplenty:reed":2,"minecraft:oak_leaves":8,"minecraft:fern":1},"minecraft:used":{"minecraft:stone_pickaxe":30,"minecraft:wooden_pickaxe":45,"minecraft:rotten_flesh":2,"minecraft:torch":8,"minecraft:crafting_table":3,"minecraft:carrot":5,"biomesoplenty:dead_planks":1,"minecraft:white_bed":1,"biomesoplenty:dead_boat":1,"minecraft:cake":1,"minecraft:melon_slice":4,"minecraft:golden_sword":113,"minecraft:wooden_sword":69,"minecraft:cooked_porkchop":1,"minecraft:furnace":2,"minecraft:porkchop":4},"minecraft:picked_up":{"samurai_dynasty:jorogumo_eye":1,"minecraft:crafting_table":3,"minecraft:feather":4,"minecraft:chicken":7,"biomesoplenty:dead_boat":1,"biomesoplenty:dried_salt":9,"iceandfire:fire_lily":7,"minecraft:brown_mushroom":1,"minecraft:wooden_pickaxe":1,"biomesoplenty:dead_log":4,"minecraft:oak_log":4,"iceandfire:armor_gray_leggings":1,"iceandfire:armor_gray_helmet":1,"skilltree:gem":3,"minecraft:dirt":39,"minecraft:string":2,"minecraft:wooden_sword":1,"minecraft:bone":4,"iceandfire:armor_gray_boots":1,"minecraft:wheat_seeds":10,"minecraft:gold_nugget":24,"minecraft:beef":5,"minecraft:stone_pickaxe":1,"biomesoplenty:wildflower":4,"minecraft:melon_slice":10,"minecraft:furnace":1,"biomesoplenty:toadstool":4,"minecraft:stick":2,"minecraft:raw_iron":2,"minecraft:torch":1,"iceandfire:ash":1,"minecraft:porkchop":14,"biomesoplenty:dead_planks":1,"minecraft:sand":21,"minecraft:carrot":4,"minecraft:white_bed":1,"minecraft:arrow":5,"minecraft:rotten_flesh":9,"iceandfire:fire_dragon_heart":1,"minecraft:emerald":1,"biomesoplenty:pink_daffodil":1,"minecraft:netherrack":21,"minecraft:bricks":1,"minecraft:coal":21,"biomesoplenty:orange_cosmos":1,"minecraft:cobblestone":15},"minecraft:dropped":{"minecraft:golden_boots":1,"biomesoplenty:toadstool":4,"minecraft:wheat_seeds":2,"biomesoplenty:pink_daffodil":1,"minecraft:feather":3,"minecraft:rotten_flesh":7,"biomesoplenty:orange_cosmos":1,"samurai_dynasty:jorogumo_eye":1,"minecraft:melon_slice":6,"biomesoplenty:wildflower":4,"iceandfire:ash":1,"minecraft:sand":14,"minecraft:string":2,"minecraft:netherrack":21}},"DataVersion":3465}