{"stats":{"minecraft:used":{"wom:herrscher":15,"minecraft:stone_pickaxe":77,"minecraft:iron_pickaxe":10,"minecraft:wooden_pickaxe":4,"minecraft:gravel":5,"minecraft:cobblestone":16,"minecraft:mutton":6,"minecraft:crafting_table":2,"minecraft:furnace":1,"minecraft:cobbled_deepslate":22},"minecraft:mined":{"minecraft:iron_ore":14,"minecraft:cobbled_deepslate":1,"samurai_dynasty:deepslate_jade_ore":10,"minecraft:spruce_log":6,"minecraft:clay":11,"minecraft:crafting_table":1,"minecraft:granite":1,"minecraft:grass":2,"minecraft:gravel":5,"minecraft:tall_grass":1,"minecraft:spruce_leaves":1,"minecraft:stone":40,"minecraft:moss_block":5,"minecraft:deepslate":22},"minecraft:custom":{"minecraft:time_since_rest":20294,"minecraft:interact_with_furnace":2,"minecraft:sprint_one_cm":38226,"minecraft:damage_taken":144,"minecraft:walk_one_cm":148265,"minecraft:mob_kills":8,"minecraft:damage_dealt":748,"minecraft:fly_one_cm":14864,"minecraft:interact_with_crafting_table":4,"minecraft:crouch_one_cm":847,"minecraft:play_time":20294,"minecraft:sneak_time":255,"minecraft:jump":185,"minecraft:time_since_death":20294,"minecraft:total_world_time":20294,"minecraft:fall_one_cm":4659},"minecraft:killed":{"minecraft:sheep":4,"minecraft:wolf":1,"minecraft:pig":3},"minecraft:crafted":{"minecraft:crafting_table":1,"minecraft:spruce_planks":24,"minecraft:stick":8,"minecraft:iron_pickaxe":1,"minecraft:iron_ingot":3,"minecraft:wooden_pickaxe":2,"minecraft:stone_pickaxe":1,"minecraft:furnace":1,"minecraft:air":0},"minecraft:picked_up":{"minecraft:stick":1,"wom:herrscher":1,"minecraft:crafting_table":1,"minecraft:raw_iron":14,"minecraft:clay_ball":40,"samurai_dynasty:jade":10,"minecraft:gravel":5,"minecraft:porkchop":6,"minecraft:spruce_log":6,"wom:gesetz":1,"minecraft:cobbled_deepslate":22,"minecraft:granite":1,"minecraft:light_gray_wool":1,"minecraft:moss_block":3,"minecraft:black_wool":2,"minecraft:mutton":6,"minecraft:white_wool":2,"minecraft:cobblestone":40}},"DataVersion":3465}