{"stats":{"minecraft:dropped":{"minecraft:rotten_flesh":7,"minecraft:melon_slice":6},"minecraft:custom":{"minecraft:mob_kills":13,"minecraft:interact_with_crafting_table":1,"minecraft:eat_cake_slice":7,"minecraft:time_since_death":715,"minecraft:climb_one_cm":16,"minecraft:time_since_rest":758,"minecraft:sprint_one_cm":212473,"minecraft:damage_taken":3487,"minecraft:walk_one_cm":634337,"minecraft:drop":7,"minecraft:damage_dealt":2455,"minecraft:swim_one_cm":18534,"minecraft:fly_one_cm":123542,"minecraft:open_chest":2,"minecraft:crouch_one_cm":6853,"minecraft:play_time":57120,"minecraft:deaths":12,"minecraft:sneak_time":1518,"minecraft:walk_under_water_one_cm":22574,"minecraft:boat_one_cm":182855,"minecraft:jump":662,"minecraft:walk_on_water_one_cm":24705,"minecraft:total_world_time":57120,"minecraft:fall_one_cm":15927},"minecraft:used":{"minecraft:stone_pickaxe":28,"minecraft:wooden_pickaxe":45,"minecraft:rotten_flesh":2,"minecraft:torch":6,"minecraft:crafting_table":1,"biomesoplenty:dead_planks":1,"biomesoplenty:dead_boat":1,"minecraft:cake":1,"minecraft:melon_slice":2,"minecraft:golden_sword":47,"minecraft:wooden_sword":29},"minecraft:killed":{"minecraft:cave_spider":1,"minecraft:pig":5,"minecraft:zombie":3,"minecraft:chicken":4},"minecraft:picked_up":{"samurai_dynasty:jorogumo_eye":1,"minecraft:crafting_table":1,"minecraft:feather":3,"minecraft:chicken":4,"biomesoplenty:dead_boat":1,"biomesoplenty:dried_salt":9,"iceandfire:fire_lily":6,"minecraft:brown_mushroom":1,"minecraft:wooden_pickaxe":1,"biomesoplenty:dead_log":4,"skilltree:gem":3,"minecraft:string":1,"minecraft:dirt":38,"minecraft:wooden_sword":1,"minecraft:bone":2,"minecraft:wheat_seeds":1,"minecraft:gold_nugget":24,"minecraft:beef":4,"minecraft:stone_pickaxe":1,"biomesoplenty:wildflower":4,"minecraft:melon_slice":10,"biomesoplenty:toadstool":4,"minecraft:stick":2,"minecraft:raw_iron":2,"iceandfire:ash":1,"minecraft:torch":1,"biomesoplenty:dead_planks":1,"minecraft:porkchop":12,"minecraft:sand":7,"minecraft:arrow":3,"minecraft:rotten_flesh":9,"biomesoplenty:pink_daffodil":1,"minecraft:netherrack":7,"minecraft:coal":21,"biomesoplenty:orange_cosmos":1,"minecraft:cobblestone":15},"minecraft:crafted":{"biomesoplenty:dead_planks":16,"minecraft:crafting_table":1,"minecraft:stick":12,"minecraft:stone_pickaxe":1,"minecraft:torch":48},"minecraft:mined":{"minecraft:brown_mushroom":1,"biomesoplenty:wildflower":4,"biomesoplenty:desert_grass":1,"minecraft:crafting_table":1,"minecraft:torch":1,"biomesoplenty:dead_leaves":1,"minecraft:grass_block":11,"minecraft:melon":2,"minecraft:dead_bush":2,"iceandfire:fire_lily":6,"biomesoplenty:dried_salt":9,"minecraft:seagrass":1,"biomesoplenty:toadstool":4,"biomesoplenty:orange_cosmos":1,"minecraft:iron_ore":2,"biomesoplenty:pink_daffodil":1,"minecraft:grass":5,"biomesoplenty:dead_log":4,"minecraft:coal_ore":21,"minecraft:dirt":5,"minecraft:sand":7,"biomesoplenty:stringy_cobweb":1,"biomesoplenty:dead_planks":1,"biomesoplenty:spider_egg":1,"minecraft:stone":14,"minecraft:oak_leaves":1,"minecraft:fern":1},"minecraft:killed_by":{"samurai_dynasty:jorogumo":1,"minecraft:skeleton":1,"minecraft:spider":1,"minecraft:zombie":1,"iceandfire:fire_dragon":6}},"DataVersion":3465}