{"stats":{"minecraft:broken":{"minecraft:golden_sword":1,"minecraft:wooden_sword":1},"minecraft:killed":{"minecraft:cave_spider":1,"minecraft:skeleton":1,"iceandfire:fire_dragon":1,"minecraft:chicken":10,"minecraft:pig":7,"iceandfire:cyclops":1,"minecraft:zombie":3,"minecraft:cow":1,"alexscaves:vallumraptor":2},"minecraft:custom":{"minecraft:interact_with_smithing_table":1,"minecraft:mob_kills":27,"minecraft:interact_with_crafting_table":8,"minecraft:bell_ring":15,"minecraft:eat_cake_slice":7,"minecraft:leave_game":1,"minecraft:time_since_death":39901,"minecraft:climb_one_cm":16,"minecraft:sprint_one_cm":463837,"minecraft:walk_one_cm":1236450,"minecraft:drop":25,"minecraft:talked_to_villager":4,"minecraft:play_time":122930,"minecraft:deaths":14,"minecraft:sneak_time":1734,"minecraft:walk_under_water_one_cm":33156,"minecraft:boat_one_cm":182855,"minecraft:jump":1765,"minecraft:walk_on_water_one_cm":45217,"minecraft:total_world_time":122930,"minecraft:interact_with_furnace":11,"minecraft:interact_with_stonecutter":1,"minecraft:sleep_in_bed":1,"minecraft:time_since_rest":39934,"minecraft:damage_taken":4945,"minecraft:damage_dealt":5926,"minecraft:swim_one_cm":29569,"minecraft:fly_one_cm":319595,"minecraft:open_chest":33,"minecraft:crouch_one_cm":8500,"minecraft:fall_one_cm":40794},"minecraft:crafted":{"minecraft:oak_planks":24,"minecraft:cooked_chicken":7,"skilltree:assassin_necklace":1,"minecraft:furnace":1,"minecraft:stone_pickaxe":1,"minecraft:chest":1,"minecraft:cooked_beef":5,"biomesoplenty:dead_planks":16,"minecraft:cooked_porkchop":10,"minecraft:crafting_table":1,"minecraft:iron_sword":1,"minecraft:smithing_table":1,"minecraft:air":0,"skilltree:traveler_necklace":1,"minecraft:stick":12,"minecraft:iron_ingot":2,"minecraft:torch":48},"minecraft:killed_by":{"iceandfire:cyclops":2,"minecraft:spider":1,"samurai_dynasty:jorogumo":1,"minecraft:skeleton":1,"minecraft:zombie":1,"iceandfire:fire_dragon":6},"minecraft:mined":{"minecraft:white_bed":1,"biomesoplenty:desert_grass":1,"alexscaves:limestone":2,"biomesoplenty:dead_leaves":1,"minecraft:grass_block":13,"biomesoplenty:dried_salt":9,"minecraft:furnace":1,"minecraft:carrots":2,"biomesoplenty:toadstool":4,"biomesoplenty:orange_cosmos":1,"minecraft:iron_ore":2,"biomesoplenty:sea_oats":13,"minecraft:stripped_oak_log":1,"minecraft:stone":14,"biomesoplenty:spider_egg":1,"minecraft:brown_mushroom":1,"biomesoplenty:wildflower":4,"minecraft:crafting_table":2,"minecraft:torch":1,"minecraft:melon":12,"minecraft:dead_bush":2,"iceandfire:fire_lily":11,"minecraft:bricks":1,"minecraft:seagrass":1,"minecraft:wheat":1,"biomesoplenty:pink_daffodil":1,"minecraft:grass":5,"biomesoplenty:dead_log":4,"minecraft:coal_ore":21,"minecraft:oak_log":3,"minecraft:sand":7,"minecraft:dirt":6,"biomesoplenty:stringy_cobweb":1,"biomesoplenty:dead_planks":1,"minecraft:fern":2,"minecraft:oak_leaves":10,"biomesoplenty:reed":2},"minecraft:used":{"minecraft:chest":1,"minecraft:iron_sword":15,"minecraft:cooked_chicken":6,"minecraft:rotten_flesh":2,"minecraft:torch":12,"minecraft:dirt":42,"minecraft:carrot":5,"alexscaves:limestone":11,"biomesoplenty:dead_boat":1,"minecraft:granite":1,"minecraft:golden_sword":113,"minecraft:furnace":2,"minecraft:stone_pickaxe":32,"minecraft:wooden_pickaxe":45,"minecraft:crafting_table":3,"biomesoplenty:dead_planks":1,"minecraft:white_bed":1,"minecraft:cake":1,"minecraft:oak_log":9,"minecraft:melon_slice":9,"minecraft:wooden_sword":69,"minecraft:porkchop":4,"minecraft:cooked_porkchop":1,"minecraft:smithing_table":1,"minecraft:stripped_oak_log":3},"minecraft:picked_up":{"minecraft:crafting_table":3,"minecraft:chicken":10,"biomesoplenty:dead_boat":1,"iceandfire:fire_lily":11,"minecraft:brown_mushroom":1,"minecraft:wooden_pickaxe":1,"iceandfire:armor_gray_leggings":1,"minecraft:shield":1,"iceandfire:armor_gray_helmet":1,"minecraft:string":2,"minecraft:wooden_sword":1,"minecraft:gold_nugget":24,"minecraft:beef":5,"minecraft:melon_slice":63,"biomesoplenty:wildflower":4,"minecraft:furnace":1,"minecraft:raw_iron":2,"minecraft:stick":4,"minecraft:sandstone":4,"minecraft:torch":1,"minecraft:porkchop":15,"minecraft:diorite":5,"minecraft:carrot":5,"minecraft:arrow":5,"minecraft:rotten_flesh":9,"iceandfire:fire_dragon_heart":1,"biomesoplenty:orange_cosmos":1,"minecraft:cobblestone":27,"samurai_dynasty:jorogumo_eye":1,"minecraft:stripped_oak_log":7,"minecraft:feather":9,"alexscaves:pewen_log":3,"biomesoplenty:dried_salt":9,"biomesoplenty:dead_log":4,"alexscaves:limestone":16,"minecraft:oak_log":15,"skilltree:gem":3,"minecraft:dirt":42,"minecraft:bone":4,"iceandfire:armor_gray_boots":1,"minecraft:wheat_seeds":10,"minecraft:stone_pickaxe":1,"biomesoplenty:toadstool":4,"iceandfire:ash":1,"minecraft:sand":21,"biomesoplenty:dead_planks":1,"minecraft:white_bed":1,"minecraft:granite":1,"minecraft:emerald":1,"biomesoplenty:pink_daffodil":1,"minecraft:coal":21,"minecraft:netherrack":21,"minecraft:bricks":1},"minecraft:dropped":{"minecraft:golden_boots":1,"minecraft:wheat_seeds":10,"biomesoplenty:pink_daffodil":1,"minecraft:feather":3,"biomesoplenty:orange_cosmos":1,"minecraft:melon_slice":6,"iceandfire:ash":1,"minecraft:sand":14,"minecraft:string":2,"biomesoplenty:toadstool":4,"minecraft:rotten_flesh":7,"samurai_dynasty:jorogumo_eye":1,"biomesoplenty:wildflower":4,"minecraft:netherrack":21}},"DataVersion":3465}