{"stats":{"minecraft:used":{"minecraft:diorite":1,"wom:herrscher":205,"minecraft:stone_pickaxe":130,"minecraft:wooden_pickaxe":4,"iceandfire:armor_sapphire_helmet":1,"minecraft:cooked_chicken":3,"minecraft:torch":66,"minecraft:mutton":6,"minecraft:crafting_table":2,"iceandfire:frozen_stone":17,"minecraft:white_bed":1,"wom:gesetz":65,"minecraft:iron_pickaxe":10,"minecraft:gravel":8,"minecraft:smooth_basalt":1,"minecraft:cobblestone":35,"minecraft:cooked_porkchop":2,"minecraft:furnace":2,"minecraft:porkchop":5,"iceandfire:frozen_cobblestone":16,"minecraft:cobbled_deepslate":22},"minecraft:killed_by":{"minecraft:player":1,"iceandfire:ice_dragon":44,"alexsmobs:grizzly_bear":1},"minecraft:mined":{"minecraft:white_bed":1,"minecraft:brown_mushroom":4,"iceandfire:frozen_cobblestone":5,"iceandfire:dragon_ice_spikes":7,"minecraft:clay":11,"minecraft:crafting_table":1,"minecraft:granite":1,"iceandfire:frozen_stone":11,"iceandfire:frozen_grass":1,"minecraft:tall_grass":1,"minecraft:spruce_leaves":12,"minecraft:moss_block":5,"minecraft:diorite":2,"minecraft:iron_ore":14,"minecraft:cobbled_deepslate":1,"samurai_dynasty:deepslate_jade_ore":10,"minecraft:spruce_log":6,"minecraft:grass":3,"minecraft:coal_ore":26,"minecraft:gravel":5,"minecraft:dirt":1,"iceandfire:frost_lily":7,"minecraft:stone":54,"minecraft:deepslate":22},"minecraft:custom":{"minecraft:interact_with_furnace":6,"minecraft:mob_kills":37,"minecraft:interact_with_crafting_table":8,"minecraft:time_since_death":1686,"minecraft:sleep_in_bed":2,"minecraft:time_since_rest":1705,"minecraft:sprint_one_cm":350783,"minecraft:damage_taken":12918,"minecraft:walk_one_cm":839647,"minecraft:damage_blocked_by_shield":297,"minecraft:drop":10,"minecraft:damage_dealt":9795,"minecraft:swim_one_cm":31456,"minecraft:fly_one_cm":280450,"minecraft:player_kills":3,"minecraft:open_chest":1,"minecraft:crouch_one_cm":1482,"minecraft:play_time":92294,"minecraft:deaths":47,"minecraft:sneak_time":468,"minecraft:walk_under_water_one_cm":5848,"minecraft:jump":1339,"minecraft:walk_on_water_one_cm":6119,"minecraft:total_world_time":92294,"minecraft:fall_one_cm":48378},"minecraft:dropped":{"iceandfire:silver_nugget":64,"minecraft:iron_ingot":36,"minecraft:moss_block":3,"minecraft:cooked_porkchop":1,"minecraft:rotten_flesh":17,"minecraft:granite":1,"iceandfire:frost_lily":1,"minecraft:spider_eye":1,"minecraft:black_wool":2},"minecraft:killed":{"minecraft:wolf":1,"minecraft:pig":4,"minecraft:spider":3,"minecraft:sheep":4,"minecraft:skeleton":5,"minecraft:zombie":10,"iceandfire:ghost":1,"minecraft:chicken":5,"alexsmobs:moose":2,"iceandfire:ice_dragon":2},"minecraft:broken":{"minecraft:stone_pickaxe":1,"iceandfire:armor_sapphire_helmet":1},"minecraft:crafted":{"minecraft:cooked_porkchop":1,"minecraft:crafting_table":1,"minecraft:spruce_planks":32,"minecraft:wooden_pickaxe":2,"minecraft:cooked_chicken":3,"minecraft:furnace":2,"minecraft:air":0,"minecraft:stick":24,"minecraft:iron_ingot":3,"minecraft:iron_pickaxe":1,"minecraft:stone_pickaxe":1,"minecraft:torch":68},"minecraft:picked_up":{"minecraft:crafting_table":2,"minecraft:feather":6,"minecraft:chicken":4,"minecraft:clay_ball":40,"minecraft:brown_mushroom":4,"samurai_dynasty:jade":10,"iceandfire:frozen_cobblestone":16,"iceandfire:frozen_grass":1,"minecraft:dirt":1,"minecraft:string":3,"iceandfire:frozen_stone":17,"wom:gesetz":1,"minecraft:iron_leggings":1,"minecraft:bone":5,"minecraft:diamond_leggings":1,"minecraft:bow":1,"minecraft:wheat_seeds":2,"minecraft:cobbled_deepslate":22,"minecraft:spruce_planks":60,"iceandfire:frost_lily":8,"minecraft:iron_ingot":36,"minecraft:light_gray_wool":1,"minecraft:moss_block":3,"minecraft:iron_boots":1,"minecraft:raw_iron":14,"wom:herrscher":1,"minecraft:stick":1,"minecraft:smooth_basalt":1,"iceandfire:dragonbone":3,"minecraft:cooked_porkchop":2,"minecraft:torch":3,"minecraft:gravel":8,"minecraft:porkchop":14,"minecraft:spruce_sapling":3,"minecraft:white_bed":1,"minecraft:ink_sac":1,"minecraft:diorite":2,"minecraft:spruce_log":21,"minecraft:redstone":5,"minecraft:spider_eye":1,"iceandfire:armor_sapphire_helmet":1,"iceandfire:dragon_skull_ice":1,"minecraft:arrow":6,"minecraft:rotten_flesh":17,"minecraft:granite":1,"alexsmobs:moose_ribs":5,"iceandfire:silver_nugget":150,"minecraft:black_wool":2,"minecraft:mutton":6,"minecraft:coal":26,"minecraft:white_wool":2,"minecraft:cobblestone":54}},"DataVersion":3465}