{"stats":{"minecraft:used":{"minecraft:wooden_axe":14,"minecraft:crafting_table":2,"minecraft:furnace":1,"minecraft:stone_pickaxe":16,"minecraft:wooden_pickaxe":8,"epicfight:stone_greatsword":1,"wom:ruine":3},"minecraft:killed_by":{"minecraft:player":1},"minecraft:mined":{"minecraft:grass_block":4,"minecraft:dirt":15,"minecraft:spruce_leaves":7,"minecraft:spruce_log":14,"minecraft:stone":23},"minecraft:custom":{"minecraft:time_since_rest":6427,"minecraft:crouch_one_cm":1004,"minecraft:sprint_one_cm":42647,"minecraft:play_time":11292,"minecraft:deaths":1,"minecraft:damage_taken":316,"minecraft:walk_one_cm":63202,"minecraft:sneak_time":432,"minecraft:mob_kills":1,"minecraft:jump":176,"minecraft:damage_dealt":341,"minecraft:time_since_death":6402,"minecraft:leave_game":1,"minecraft:walk_on_water_one_cm":238,"minecraft:total_world_time":11292,"minecraft:interact_with_crafting_table":6,"minecraft:fall_one_cm":5408,"minecraft:fly_one_cm":64828},"minecraft:killed":{"minecraft:chicken":1},"minecraft:crafted":{"minecraft:furnace":1,"epicfight:stone_greatsword":1,"minecraft:crafting_table":2,"minecraft:spruce_planks":48,"minecraft:stick":8,"minecraft:stone_pickaxe":1,"minecraft:wooden_pickaxe":1,"minecraft:wooden_axe":1},"minecraft:picked_up":{"minecraft:chicken":1,"wom:ruine":1,"minecraft:spruce_log":12,"minecraft:dirt":19,"minecraft:cobblestone":23}},"DataVersion":3465}