{"stats":{"minecraft:used":{"wom:netherite_greataxe":18,"epicfight:skillbook":4,"iceandfire:armor_sapphire_chestplate":1,"minecraft:rabbit":1,"minecraft:stone_pickaxe":86,"iceandfire:dragon_skull_ice":4,"minecraft:wooden_pickaxe":9,"wom:ruine":108,"minecraft:cooked_chicken":1,"minecraft:torch":16,"minecraft:golden_apple":1,"minecraft:dirt":24,"minecraft:crafting_table":6,"minecraft:red_bed":1,"iceandfire:frozen_stone":3,"wom:ender_blaster":42,"wom:agony":90,"minecraft:wooden_axe":28,"minecraft:bread":1,"iceandfire:ice_dragon_flesh":5,"epicfight:stone_greatsword":12,"minecraft:cooked_porkchop":7,"minecraft:furnace":3,"minecraft:porkchop":6},"minecraft:killed_by":{"minecraft:player":4,"iceandfire:ice_dragon":9,"minecraft:creeper":1},"minecraft:dropped":{"wom:agony":1,"iceandfire:armor_sapphire_helmet":1,"minecraft:cobbled_deepslate":3,"minecraft:diamond":20,"minecraft:cooked_porkchop":2,"minecraft:feather":1,"minecraft:rotten_flesh":5,"iceandfire:frozen_stone":7,"minecraft:light_gray_carpet":3,"minecraft:dirt":8,"minecraft:gunpowder":2,"iceandfire:frost_lily":1,"alexsmobs:moose_ribs":2,"minecraft:spider_eye":1,"wom:netherite_greataxe":1,"minecraft:spruce_sapling":2},"minecraft:custom":{"minecraft:interact_with_furnace":32,"minecraft:mob_kills":56,"minecraft:interact_with_crafting_table":10,"minecraft:leave_game":1,"minecraft:time_since_death":4268,"minecraft:sleep_in_bed":1,"minecraft:time_since_rest":4292,"minecraft:sprint_one_cm":323220,"minecraft:damage_absorbed":40,"minecraft:damage_taken":5372,"minecraft:walk_one_cm":611911,"minecraft:drop":27,"minecraft:damage_dealt":11786,"minecraft:open_chest":5,"minecraft:swim_one_cm":30872,"minecraft:fly_one_cm":627220,"minecraft:player_kills":2,"minecraft:crouch_one_cm":5499,"minecraft:play_time":83292,"minecraft:deaths":15,"minecraft:sneak_time":1786,"minecraft:walk_under_water_one_cm":9093,"minecraft:jump":1601,"minecraft:walk_on_water_one_cm":14271,"minecraft:total_world_time":83292,"minecraft:fall_one_cm":43197},"minecraft:mined":{"minecraft:light_gray_carpet":3,"minecraft:red_bed":1,"iceandfire:frozen_cobblestone":7,"iceandfire:dragon_ice_spikes":1,"minecraft:crafting_table":2,"iceandfire:frozen_stone":5,"minecraft:grass_block":14,"minecraft:spruce_leaves":12,"minecraft:sugar_cane":2,"minecraft:wall_torch":4,"minecraft:large_fern":1,"minecraft:furnace":3,"minecraft:redstone_torch":1,"minecraft:white_carpet":9,"minecraft:spruce_log":26,"minecraft:dirt":18,"minecraft:stone":86,"minecraft:fern":1},"minecraft:killed":{"iceandfire:hippocampus":1,"minecraft:pig":9,"minecraft:rabbit":1,"minecraft:spider":2,"minecraft:creeper":5,"minecraft:skeleton":7,"minecraft:zombie":15,"minecraft:chicken":6,"alexsmobs:moose":2,"iceandfire:ice_dragon":1,"minecraft:glow_squid":1},"minecraft:crafted":{"iceandfire:armor_sapphire_helmet":1,"minecraft:cooked_porkchop":8,"minecraft:crafting_table":4,"minecraft:spruce_planks":56,"minecraft:wooden_pickaxe":1,"iceandfire:armor_sapphire_chestplate":1,"minecraft:cooked_chicken":1,"minecraft:furnace":1,"epicfight:stone_greatsword":1,"minecraft:air":0,"minecraft:charcoal":11,"iceandfire:armor_white_helmet":1,"minecraft:stick":12,"minecraft:stone_pickaxe":1,"minecraft:wooden_axe":1,"minecraft:torch":12},"minecraft:picked_up":{"iceandfire:sapphire_gem":1,"minecraft:crafting_table":2,"minecraft:feather":6,"minecraft:chicken":7,"minecraft:glow_ink_sac":3,"wom:ender_blaster":1,"iceandfire:frozen_cobblestone":4,"minecraft:gunpowder":8,"wom:ruine":1,"minecraft:string":2,"minecraft:dirt":32,"minecraft:red_bed":1,"iceandfire:frozen_stone":10,"minecraft:white_carpet":9,"minecraft:bone":7,"minecraft:wheat_seeds":2,"minecraft:cobbled_deepslate":3,"iceandfire:frost_lily":1,"wom:netherite_greataxe":1,"minecraft:redstone_torch":1,"minecraft:rabbit":1,"minecraft:sugar_cane":6,"iceandfire:ice_dragon_heart":2,"minecraft:furnace":3,"minecraft:stick":2,"iceandfire:dragonbone":60,"minecraft:cooked_porkchop":1,"minecraft:torch":4,"iceandfire:dragonscales_sapphire":13,"iceandfire:dragonscales_white":5,"epicfight:skillbook":2,"minecraft:porkchop":18,"minecraft:spruce_sapling":2,"minecraft:spruce_log":25,"minecraft:spider_eye":1,"minecraft:rabbit_foot":1,"iceandfire:dragon_skull_ice":7,"minecraft:arrow":10,"minecraft:rotten_flesh":14,"minecraft:diamond":20,"iceandfire:ice_dragon_flesh":5,"alexsmobs:moose_ribs":4,"minecraft:light_gray_carpet":3,"minecraft:black_wool":2,"iceandfire:silver_nugget":4,"minecraft:cobblestone":86}},"DataVersion":3465}