{"stats":{"minecraft:broken":{"iceandfire:silver_pickaxe":2,"epicfight:stone_greatsword":1},"minecraft:killed":{"whispering_spirits:whispering_spirit":1,"minecraft:spider":13,"samurai_dynasty:komainu":1,"eyesinthedarkness:eyes":1,"minecraft:skeleton":10,"samurai_dynasty:tanuki":2,"minecraft:silverfish":1,"iceandfire:deathworm":1,"alexsmobs:kangaroo":18,"minecraft:husk":8,"alexsmobs:guster":1,"alexsmobs:anteater":1,"minecraft:creeper":4,"alexsmobs:emu":2,"alexsmobs:catfish":1,"minecraft:zombie":24,"samurai_dynasty:kawauso":1,"alexsmobs:maned_wolf":1,"alexsmobs:gazelle":2,"alexsmobs:rain_frog":1,"alexsmobs:roadrunner":1,"alexsmobs:fly":5,"minecraft:enderman":1},"minecraft:custom":{"minecraft:interact_with_smithing_table":2,"minecraft:mob_kills":101,"minecraft:interact_with_crafting_table":34,"minecraft:eat_cake_slice":3,"minecraft:leave_game":2,"minecraft:time_since_death":10824,"minecraft:climb_one_cm":849,"minecraft:sprint_one_cm":680964,"minecraft:walk_one_cm":990163,"minecraft:drop":25,"minecraft:talked_to_villager":5,"minecraft:play_time":184366,"minecraft:deaths":20,"minecraft:sneak_time":3601,"minecraft:walk_under_water_one_cm":26930,"minecraft:jump":3537,"minecraft:walk_on_water_one_cm":84185,"minecraft:total_world_time":184366,"minecraft:interact_with_furnace":52,"minecraft:interact_with_stonecutter":1,"minecraft:sleep_in_bed":4,"minecraft:time_since_rest":2811,"minecraft:damage_taken":9177,"minecraft:damage_dealt":19402,"minecraft:swim_one_cm":95976,"minecraft:fly_one_cm":1823366,"minecraft:crouch_one_cm":22097,"minecraft:open_chest":30,"minecraft:interact_with_smoker":14,"minecraft:fall_one_cm":242944},"minecraft:crafted":{"evilcraft:dark_spike":16,"minecraft:wooden_sword":1,"minecraft:oak_planks":36,"biomesoplenty:mahogany_planks":16,"samurai_dynasty:silver_ingot":6,"minecraft:furnace":3,"iceandfire:armor_copper_metal_leggings":1,"minecraft:stone":3,"samurai_dynasty:spirit_stone":72,"minecraft:cobblestone_stairs":40,"minecraft:glass":1,"minecraft:leather":6,"evilcraft:blood_extractor":1,"minecraft:stone_pickaxe":2,"iceandfire:armor_copper_metal_chestplate":1,"minecraft:chest":5,"alexsmobs:cooked_catfish":1,"iceandfire:armor_silver_metal_boots":1,"minecraft:wheat":153,"biomesoplenty:dead_planks":92,"sophisticatedbackpacks:backpack":1,"iceandfire:silver_ingot":13,"minecraft:crafting_table":4,"minecraft:wooden_pickaxe":2,"alexsmobs:cooked_kangaroo_meat":26,"minecraft:smithing_table":1,"minecraft:copper_ingot":60,"epicfight:stone_greatsword":1,"minecraft:air":0,"minecraft:bread":53,"minecraft:stonecutter":1,"iceandfire:deathworm_red_helmet":1,"minecraft:stick":20,"minecraft:iron_ingot":2,"minecraft:wooden_axe":1,"minecraft:gold_ingot":36,"minecraft:torch":8,"iceandfire:silver_pickaxe":3,"biomesoplenty:cut_orange_sandstone":4,"biomesoplenty:palm_planks":52},"minecraft:killed_by":{"minecraft:player":1,"minecraft:creeper":2,"minecraft:spider":2,"samurai_dynasty:kitsune":1,"minecraft:skeleton":3,"minecraft:zombie":2,"alexsmobs:kangaroo":1,"iceandfire:fire_dragon":1},"minecraft:mined":{"iceandfire:silver_ore":13,"minecraft:cobblestone_stairs":1,"biomesoplenty:desert_grass":1,"minecraft:jungle_leaves":2,"minecraft:obsidian":7,"biomesoplenty:dead_leaves":2,"biomesoplenty:bush":1,"minecraft:grass_block":6,"biomesoplenty:dried_salt":140,"biomesoplenty:orange_sandstone":545,"biomesoplenty:dune_grass":2,"biomesoplenty:palm_log":13,"minecraft:hay_block":23,"minecraft:magma_block":3,"biomesoplenty:palm_leaves":1,"minecraft:iron_ore":1,"minecraft:fire":7,"minecraft:andesite":2,"evilcraft:dark_ore":1,"minecraft:gold_block":4,"minecraft:azalea_leaves":1,"biomesoplenty:cut_orange_sandstone":1,"minecraft:stone":300,"minecraft:bone_block":63,"minecraft:green_bed":1,"samurai_dynasty:spirit_stone_base":73,"biomesoplenty:orange_sand":2,"minecraft:smoker":1,"minecraft:stone_brick_slab":2,"biomesoplenty:black_sand":1,"minecraft:crafting_table":4,"minecraft:torch":2,"minecraft:poppy":1,"minecraft:melon":10,"biomesoplenty:mahogany_planks":1,"iceandfire:ghost_chest":1,"minecraft:dead_bush":1,"iceandfire:fire_lily":3,"minecraft:copper_ore":18,"minecraft:tall_grass":2,"minecraft:cobblestone":8,"biomesoplenty:sprout":20,"minecraft:sugar_cane":2,"minecraft:diorite":3,"minecraft:wall_torch":5,"biomesoplenty:chiseled_orange_sandstone":2,"biomesoplenty:mahogany_log":4,"minecraft:stone_brick_stairs":2,"samurai_dynasty:silver_ore":6,"minecraft:grass":6,"biomesoplenty:dead_log":25,"minecraft:oak_log":9,"minecraft:coal_ore":50,"minecraft:gravel":15,"minecraft:sand":6,"minecraft:dirt":6,"biomesoplenty:stringy_cobweb":1,"minecraft:cracked_stone_bricks":4,"biomesoplenty:dead_planks":2,"minecraft:stone_bricks":3,"minecraft:netherrack":59,"minecraft:infested_stone":1,"minecraft:fern":8},"minecraft:picked_up":{"minecraft:crafting_table":4,"iceandfire:fire_lily":4,"biomesoplenty:cut_orange_sandstone":1,"minecraft:gold_block":4,"minecraft:stone_brick_stairs":2,"iceandfire:manuscript":6,"alexsmobs:gazelle_horn":2,"minecraft:string":7,"minecraft:raw_copper":60,"minecraft:cracked_stone_bricks":4,"alexsmobs:emu_feather":3,"minecraft:gold_nugget":15,"biomesoplenty:black_sand":1,"samurai_dynasty:raw_silver":6,"minecraft:melon_slice":50,"minecraft:sugar_cane":4,"minecraft:iron_boots":1,"iceandfire:ghost_chest":1,"minecraft:stick":8,"minecraft:raw_iron":1,"iceandfire:dragonbone":22,"iceandfire:deathworm_chitin_red":5,"minecraft:torch":10,"minecraft:green_bed":1,"epicfight:skillbook":1,"minecraft:diorite":3,"minecraft:arrow":10,"minecraft:rotten_flesh":32,"biomesoplenty:chiseled_orange_sandstone":2,"biomesoplenty:palm_log":13,"biomesoplenty:orange_sandstone":591,"minecraft:hay_block":23,"alexsmobs:emu_egg":2,"minecraft:gold_ingot":1,"endrem:rogue_eye":1,"minecraft:skeleton_skull":1,"minecraft:obsidian":7,"biomesoplenty:orange_sand":2,"alexsmobs:kangaroo_meat":26,"minecraft:bone_block":61,"minecraft:cobblestone":361,"minecraft:magma_block":3,"minecraft:feather":1,"biomesoplenty:dried_salt":149,"minecraft:andesite":1,"minecraft:smoker":1,"biomesoplenty:dead_log":24,"minecraft:flint":4,"minecraft:oak_log":9,"iceandfire:ectoplasm":5,"minecraft:gunpowder":6,"minecraft:cobblestone_stairs":1,"skilltree:gem":15,"minecraft:dirt":12,"minecraft:bone":19,"minecraft:stone_bricks":3,"samurai_dynasty:cloth":1,"minecraft:wheat_seeds":2,"minecraft:iron_ingot":2,"biomesoplenty:mahogany_planks":3,"minecraft:stone_brick_slab":2,"minecraft:gravel":1,"iceandfire:dragon_skull_fire":4,"biomesoplenty:dead_planks":2,"minecraft:sand":6,"iceandfire:myrmex_stinger":1,"minecraft:spider_eye":2,"biomesoplenty:mahogany_log":4,"alexsmobs:raw_catfish":1,"alexsmobs:kangaroo_hide":13,"samurai_dynasty:spirit_stone_base":73,"minecraft:diamond":1,"evilcraft:dark_gem":4,"samurai_dynasty:straw_hat":2,"alexsmobs:maggot":7,"minecraft:netherrack":58,"minecraft:coal":50,"iceandfire:raw_silver":13,"minecraft:diamond_pickaxe":1},"minecraft:used":{"alexsmobs:emu_egg":2,"biomesoplenty:mahogany_planks":13,"biomesoplenty:cut_orange_sandstone":1,"minecraft:bone_block":1,"minecraft:chest":4,"minecraft:rotten_flesh":9,"minecraft:torch":17,"minecraft:dirt":3,"minecraft:stone_brick_slab":2,"minecraft:wooden_axe":3,"biomesoplenty:orange_sand":1,"biomesoplenty:chiseled_orange_sandstone":9,"epicfight:stone_greatsword":134,"biomesoplenty:orange_sandstone":139,"minecraft:hay_block":6,"minecraft:furnace":3,"minecraft:skeleton_skull":1,"biomesoplenty:dead_log":1,"biomesoplenty:black_sand":1,"samurai_dynasty:spirit_stone":39,"alexsmobs:cooked_catfish":1,"epicfight:skillbook":7,"minecraft:cobblestone_stairs":30,"minecraft:stone_pickaxe":69,"minecraft:wooden_pickaxe":11,"minecraft:stonecutter":1,"minecraft:green_bed":1,"minecraft:cracked_stone_bricks":3,"minecraft:golden_apple":1,"minecraft:sand":5,"minecraft:crafting_table":7,"biomesoplenty:dead_planks":15,"minecraft:cake":1,"minecraft:smoker":1,"iceandfire:silver_pickaxe":1248,"minecraft:diamond_pickaxe":7,"iceandfire:armor_copper_metal_chestplate":1,"minecraft:bread":36,"minecraft:melon_slice":50,"biomesoplenty:dried_salt":4,"biomesoplenty:palm_planks":28,"minecraft:cobblestone":119,"iceandfire:dragon_skull_fire":4,"minecraft:smithing_table":1,"alexsmobs:animal_dictionary":1,"iceandfire:fire_lily":3,"epicfight:uchigatana":120},"minecraft:dropped":{"minecraft:wheat_seeds":2,"minecraft:cobblestone":59,"biomesoplenty:mahogany_planks":2,"minecraft:stick":6,"minecraft:dirt":3,"minecraft:wooden_sword":1,"samurai_dynasty:spirit_stone_base":1,"biomesoplenty:dried_salt":145,"endrem:rogue_eye":1,"minecraft:rotten_flesh":7,"samurai_dynasty:straw_hat":1,"biomesoplenty:cut_orange_sandstone":4,"minecraft:gunpowder":2,"minecraft:andesite":1,"minecraft:spider_eye":2,"epicfight:skillbook":1}},"DataVersion":3465}