{"stats":{"minecraft:used":{"epicfight:skillbook":1,"iceandfire:armor_sapphire_chestplate":1,"minecraft:rabbit":1,"minecraft:stone_pickaxe":81,"iceandfire:dragon_skull_ice":3,"minecraft:wooden_pickaxe":9,"wom:ruine":98,"minecraft:cooked_chicken":1,"minecraft:torch":16,"minecraft:dirt":17,"minecraft:crafting_table":5,"minecraft:wooden_axe":28,"epicfight:stone_greatsword":1,"minecraft:cooked_porkchop":6,"minecraft:furnace":3,"minecraft:porkchop":6},"minecraft:mined":{"minecraft:crafting_table":2,"minecraft:grass_block":14,"minecraft:spruce_leaves":12,"minecraft:sugar_cane":1,"minecraft:wall_torch":4,"minecraft:furnace":3,"minecraft:spruce_log":26,"minecraft:dirt":18,"minecraft:stone":86,"minecraft:fern":1},"minecraft:killed_by":{"minecraft:player":3,"iceandfire:ice_dragon":2},"minecraft:dropped":{"iceandfire:armor_sapphire_helmet":1,"minecraft:cooked_porkchop":2,"minecraft:feather":1,"minecraft:rotten_flesh":5,"iceandfire:frost_lily":1,"alexsmobs:moose_ribs":2},"minecraft:custom":{"minecraft:interact_with_furnace":30,"minecraft:mob_kills":23,"minecraft:interact_with_crafting_table":9,"minecraft:leave_game":1,"minecraft:time_since_death":10983,"minecraft:time_since_rest":11007,"minecraft:sprint_one_cm":186051,"minecraft:damage_taken":2103,"minecraft:walk_one_cm":391180,"minecraft:drop":8,"minecraft:damage_dealt":3948,"minecraft:swim_one_cm":20447,"minecraft:fly_one_cm":234283,"minecraft:player_kills":1,"minecraft:crouch_one_cm":2459,"minecraft:play_time":47292,"minecraft:deaths":5,"minecraft:sneak_time":797,"minecraft:walk_under_water_one_cm":1402,"minecraft:jump":845,"minecraft:walk_on_water_one_cm":1580,"minecraft:total_world_time":47292,"minecraft:fall_one_cm":20852},"minecraft:killed":{"minecraft:pig":8,"minecraft:rabbit":1,"minecraft:spider":1,"minecraft:creeper":1,"minecraft:skeleton":5,"minecraft:zombie":6,"minecraft:chicken":1},"minecraft:crafted":{"iceandfire:armor_sapphire_helmet":1,"minecraft:cooked_porkchop":8,"minecraft:crafting_table":3,"minecraft:spruce_planks":48,"minecraft:wooden_pickaxe":1,"iceandfire:armor_sapphire_chestplate":1,"minecraft:cooked_chicken":1,"minecraft:furnace":1,"epicfight:stone_greatsword":1,"minecraft:air":0,"minecraft:charcoal":11,"minecraft:stick":12,"minecraft:stone_pickaxe":1,"minecraft:wooden_axe":1,"minecraft:torch":12},"minecraft:picked_up":{"minecraft:crafting_table":2,"minecraft:feather":2,"minecraft:chicken":2,"wom:ruine":1,"minecraft:string":2,"minecraft:dirt":32,"minecraft:bone":5,"minecraft:wheat_seeds":2,"iceandfire:frost_lily":1,"minecraft:rabbit":1,"minecraft:sugar_cane":3,"iceandfire:ice_dragon_heart":1,"minecraft:furnace":3,"minecraft:stick":2,"iceandfire:dragonbone":43,"minecraft:cooked_porkchop":1,"minecraft:torch":4,"iceandfire:dragonscales_sapphire":13,"epicfight:skillbook":1,"minecraft:porkchop":17,"minecraft:spruce_sapling":2,"minecraft:spruce_log":25,"minecraft:rabbit_foot":1,"iceandfire:dragon_skull_ice":5,"minecraft:arrow":5,"minecraft:rotten_flesh":5,"alexsmobs:moose_ribs":2,"minecraft:black_wool":2,"minecraft:cobblestone":86}},"DataVersion":3465}