{"stats":{"minecraft:used":{"wom:netherite_greataxe":18,"epicfight:skillbook":4,"iceandfire:armor_sapphire_chestplate":1,"minecraft:rabbit":1,"minecraft:stone_pickaxe":98,"iceandfire:dragon_skull_ice":4,"minecraft:wooden_pickaxe":23,"wom:ruine":109,"minecraft:cooked_chicken":1,"minecraft:torch":16,"minecraft:golden_apple":1,"minecraft:dirt":24,"minecraft:crafting_table":8,"minecraft:red_bed":1,"iceandfire:frozen_stone":3,"wom:ender_blaster":44,"wom:agony":90,"minecraft:wooden_axe":28,"minecraft:bread":1,"iceandfire:ice_dragon_flesh":5,"epicfight:stone_greatsword":12,"alexsmobs:cooked_moose_ribs":2,"minecraft:cooked_porkchop":7,"minecraft:furnace":5,"minecraft:porkchop":7,"iceandfire:frozen_cobblestone":4},"minecraft:killed_by":{"minecraft:player":4,"iceandfire:ice_dragon":9,"minecraft:creeper":1},"minecraft:custom":{"minecraft:interact_with_furnace":48,"minecraft:mob_kills":58,"minecraft:interact_with_crafting_table":14,"minecraft:leave_game":1,"minecraft:time_since_death":22268,"minecraft:sleep_in_bed":1,"minecraft:time_since_rest":22292,"minecraft:sprint_one_cm":330878,"minecraft:damage_absorbed":40,"minecraft:damage_taken":5382,"minecraft:walk_one_cm":761357,"minecraft:drop":31,"minecraft:damage_dealt":11907,"minecraft:open_chest":5,"minecraft:swim_one_cm":34297,"minecraft:fly_one_cm":644301,"minecraft:player_kills":2,"minecraft:crouch_one_cm":5502,"minecraft:play_time":101292,"minecraft:deaths":15,"minecraft:sneak_time":1832,"minecraft:walk_under_water_one_cm":10795,"minecraft:jump":1761,"minecraft:walk_on_water_one_cm":15087,"minecraft:total_world_time":101292,"minecraft:fall_one_cm":44368},"minecraft:mined":{"minecraft:light_gray_carpet":3,"minecraft:red_bed":1,"iceandfire:frozen_cobblestone":7,"iceandfire:dragon_ice_spikes":1,"minecraft:crafting_table":3,"iceandfire:frozen_stone":5,"minecraft:grass_block":14,"minecraft:copper_ore":3,"minecraft:spruce_leaves":12,"minecraft:sugar_cane":2,"minecraft:wall_torch":4,"minecraft:large_fern":1,"minecraft:furnace":4,"minecraft:redstone_torch":1,"minecraft:white_carpet":9,"minecraft:spruce_log":26,"minecraft:coal_ore":7,"minecraft:dirt":18,"minecraft:stone":100,"minecraft:fern":1},"minecraft:dropped":{"iceandfire:silver_nugget":4,"wom:agony":1,"iceandfire:armor_sapphire_helmet":1,"minecraft:cobbled_deepslate":3,"minecraft:diamond":20,"minecraft:cooked_porkchop":2,"minecraft:feather":1,"minecraft:rotten_flesh":5,"iceandfire:frozen_stone":7,"minecraft:light_gray_carpet":3,"minecraft:dirt":8,"minecraft:gunpowder":2,"iceandfire:frost_lily":1,"alexsmobs:moose_ribs":2,"minecraft:spider_eye":1,"wom:netherite_greataxe":1,"minecraft:spruce_sapling":2},"minecraft:killed":{"iceandfire:hippocampus":1,"minecraft:pig":9,"minecraft:rabbit":1,"minecraft:spider":2,"minecraft:creeper":5,"eyesinthedarkness:eyes":1,"minecraft:skeleton":7,"minecraft:zombie":15,"minecraft:chicken":6,"alexsmobs:moose":2,"iceandfire:ice_dragon":1,"minecraft:glow_squid":1},"minecraft:crafted":{"iceandfire:armor_sapphire_helmet":1,"minecraft:cooked_porkchop":8,"minecraft:crafting_table":5,"minecraft:spruce_planks":56,"minecraft:wooden_pickaxe":1,"iceandfire:armor_sapphire_chestplate":1,"minecraft:cooked_chicken":6,"alexsmobs:cooked_moose_ribs":2,"minecraft:furnace":2,"iceandfire:armor_copper_metal_leggings":1,"minecraft:copper_ingot":11,"epicfight:stone_greatsword":1,"minecraft:air":0,"minecraft:charcoal":11,"iceandfire:armor_white_helmet":1,"minecraft:stick":12,"minecraft:stone_pickaxe":1,"minecraft:wooden_axe":1,"minecraft:torch":12},"minecraft:picked_up":{"iceandfire:sapphire_gem":1,"minecraft:crafting_table":3,"minecraft:feather":6,"minecraft:chicken":7,"minecraft:glow_ink_sac":3,"wom:ender_blaster":1,"iceandfire:frozen_cobblestone":4,"minecraft:gunpowder":8,"wom:ruine":1,"minecraft:raw_copper":11,"minecraft:string":2,"minecraft:dirt":32,"minecraft:red_bed":1,"iceandfire:frozen_stone":10,"minecraft:white_carpet":9,"minecraft:bone":8,"minecraft:wheat_seeds":2,"minecraft:cobbled_deepslate":3,"iceandfire:frost_lily":1,"wom:netherite_greataxe":1,"minecraft:redstone_torch":1,"minecraft:rabbit":1,"minecraft:sugar_cane":6,"iceandfire:ice_dragon_heart":2,"minecraft:furnace":4,"minecraft:stick":2,"iceandfire:dragonbone":60,"minecraft:cooked_porkchop":1,"minecraft:torch":4,"iceandfire:dragonscales_sapphire":13,"iceandfire:dragonscales_white":5,"epicfight:skillbook":2,"minecraft:porkchop":18,"minecraft:spruce_sapling":2,"minecraft:spruce_log":25,"minecraft:spider_eye":1,"minecraft:rabbit_foot":1,"iceandfire:dragon_skull_ice":7,"minecraft:arrow":11,"minecraft:rotten_flesh":14,"minecraft:diamond":20,"iceandfire:ice_dragon_flesh":5,"alexsmobs:moose_ribs":4,"minecraft:light_gray_carpet":3,"minecraft:black_wool":2,"iceandfire:silver_nugget":4,"minecraft:coal":7,"minecraft:cobblestone":99}},"DataVersion":3465}