{"stats":{"minecraft:broken":{"iceandfire:silver_pickaxe":1,"epicfight:stone_greatsword":1},"minecraft:killed":{"whispering_spirits:whispering_spirit":1,"minecraft:spider":13,"samurai_dynasty:komainu":1,"eyesinthedarkness:eyes":1,"minecraft:skeleton":10,"samurai_dynasty:tanuki":2,"minecraft:silverfish":1,"alexsmobs:kangaroo":15,"minecraft:husk":8,"alexsmobs:guster":1,"alexsmobs:anteater":1,"minecraft:creeper":4,"alexsmobs:emu":2,"alexsmobs:catfish":1,"minecraft:zombie":24,"samurai_dynasty:kawauso":1,"alexsmobs:maned_wolf":1,"alexsmobs:gazelle":2,"alexsmobs:rain_frog":1,"alexsmobs:roadrunner":1,"minecraft:enderman":1},"minecraft:custom":{"minecraft:mob_kills":92,"minecraft:interact_with_crafting_table":24,"minecraft:eat_cake_slice":3,"minecraft:leave_game":1,"minecraft:time_since_death":3861,"minecraft:climb_one_cm":849,"minecraft:sprint_one_cm":545932,"minecraft:walk_one_cm":701400,"minecraft:drop":21,"minecraft:talked_to_villager":1,"minecraft:play_time":139690,"minecraft:deaths":18,"minecraft:sneak_time":2247,"minecraft:walk_under_water_one_cm":21632,"minecraft:jump":2878,"minecraft:walk_on_water_one_cm":67329,"minecraft:total_world_time":139690,"minecraft:interact_with_furnace":35,"minecraft:time_since_rest":3862,"minecraft:damage_taken":8212,"minecraft:damage_dealt":18316,"minecraft:swim_one_cm":92911,"minecraft:fly_one_cm":1532050,"minecraft:crouch_one_cm":9968,"minecraft:open_chest":13,"minecraft:interact_with_smoker":1,"minecraft:fall_one_cm":195661},"minecraft:crafted":{"minecraft:wooden_sword":1,"minecraft:oak_planks":36,"biomesoplenty:mahogany_planks":16,"samurai_dynasty:silver_ingot":6,"minecraft:furnace":2,"iceandfire:armor_copper_metal_leggings":1,"samurai_dynasty:spirit_stone":72,"minecraft:cobblestone_stairs":40,"minecraft:leather":6,"minecraft:stone_pickaxe":2,"iceandfire:armor_copper_metal_chestplate":1,"minecraft:chest":3,"alexsmobs:cooked_catfish":1,"iceandfire:armor_silver_metal_boots":1,"minecraft:wheat":153,"biomesoplenty:dead_planks":72,"sophisticatedbackpacks:backpack":1,"iceandfire:silver_ingot":13,"minecraft:crafting_table":4,"minecraft:wooden_pickaxe":2,"minecraft:copper_ingot":60,"epicfight:stone_greatsword":1,"minecraft:air":0,"minecraft:bread":53,"minecraft:stick":20,"minecraft:iron_ingot":1,"minecraft:wooden_axe":1,"minecraft:gold_ingot":18,"minecraft:torch":8,"iceandfire:silver_pickaxe":3,"biomesoplenty:palm_planks":28},"minecraft:killed_by":{"minecraft:creeper":2,"minecraft:spider":2,"samurai_dynasty:kitsune":1,"minecraft:skeleton":3,"minecraft:zombie":2,"alexsmobs:kangaroo":1},"minecraft:mined":{"iceandfire:silver_ore":13,"minecraft:cobblestone_stairs":1,"minecraft:jungle_leaves":2,"biomesoplenty:desert_grass":1,"minecraft:obsidian":1,"biomesoplenty:dead_leaves":2,"biomesoplenty:bush":1,"minecraft:grass_block":4,"biomesoplenty:dried_salt":140,"biomesoplenty:orange_sandstone":1,"biomesoplenty:dune_grass":1,"biomesoplenty:palm_log":7,"minecraft:hay_block":23,"minecraft:fire":6,"minecraft:andesite":2,"minecraft:gold_block":3,"minecraft:azalea_leaves":1,"minecraft:stone":277,"minecraft:bone_block":42,"minecraft:green_bed":1,"samurai_dynasty:spirit_stone_base":73,"minecraft:smoker":1,"minecraft:stone_brick_slab":2,"biomesoplenty:black_sand":1,"minecraft:crafting_table":4,"minecraft:torch":2,"minecraft:poppy":1,"minecraft:melon":10,"biomesoplenty:mahogany_planks":1,"minecraft:dead_bush":1,"iceandfire:fire_lily":3,"minecraft:tall_grass":2,"minecraft:copper_ore":18,"minecraft:cobblestone":8,"minecraft:sugar_cane":2,"minecraft:diorite":3,"minecraft:wall_torch":3,"biomesoplenty:mahogany_log":4,"minecraft:stone_brick_stairs":2,"samurai_dynasty:silver_ore":6,"minecraft:grass":6,"biomesoplenty:dead_log":20,"minecraft:oak_log":9,"minecraft:coal_ore":43,"minecraft:gravel":15,"minecraft:dirt":2,"minecraft:cracked_stone_bricks":3,"minecraft:stone_bricks":3,"minecraft:infested_stone":1,"minecraft:fern":8},"minecraft:picked_up":{"minecraft:crafting_table":4,"iceandfire:fire_lily":3,"minecraft:gold_block":3,"minecraft:stone_brick_stairs":2,"alexsmobs:gazelle_horn":2,"minecraft:string":7,"minecraft:raw_copper":60,"minecraft:cracked_stone_bricks":3,"alexsmobs:emu_feather":3,"biomesoplenty:black_sand":1,"samurai_dynasty:raw_silver":6,"minecraft:melon_slice":50,"minecraft:sugar_cane":4,"minecraft:stick":8,"minecraft:torch":7,"minecraft:green_bed":1,"epicfight:skillbook":1,"minecraft:diorite":3,"minecraft:arrow":10,"minecraft:rotten_flesh":29,"biomesoplenty:palm_log":7,"minecraft:hay_block":23,"alexsmobs:emu_egg":1,"endrem:rogue_eye":1,"minecraft:obsidian":1,"minecraft:cobblestone":338,"alexsmobs:kangaroo_meat":21,"minecraft:bone_block":41,"minecraft:feather":1,"biomesoplenty:dried_salt":149,"minecraft:andesite":1,"minecraft:smoker":1,"biomesoplenty:dead_log":19,"minecraft:flint":4,"minecraft:oak_log":9,"minecraft:gunpowder":6,"minecraft:cobblestone_stairs":1,"skilltree:gem":15,"minecraft:dirt":6,"minecraft:bone":8,"minecraft:stone_bricks":3,"samurai_dynasty:cloth":1,"minecraft:wheat_seeds":2,"biomesoplenty:mahogany_planks":3,"minecraft:stone_brick_slab":2,"minecraft:gravel":1,"minecraft:spider_eye":2,"iceandfire:myrmex_stinger":1,"biomesoplenty:mahogany_log":4,"alexsmobs:raw_catfish":1,"alexsmobs:kangaroo_hide":12,"samurai_dynasty:spirit_stone_base":73,"samurai_dynasty:straw_hat":2,"alexsmobs:maggot":2,"minecraft:coal":43,"iceandfire:raw_silver":13,"minecraft:diamond_pickaxe":1},"minecraft:used":{"alexsmobs:emu_egg":1,"biomesoplenty:mahogany_planks":13,"minecraft:bone_block":1,"minecraft:chest":2,"minecraft:rotten_flesh":9,"minecraft:torch":9,"minecraft:dirt":3,"minecraft:stone_brick_slab":2,"minecraft:wooden_axe":3,"epicfight:stone_greatsword":134,"minecraft:hay_block":6,"minecraft:furnace":2,"biomesoplenty:dead_log":1,"biomesoplenty:black_sand":1,"samurai_dynasty:spirit_stone":39,"alexsmobs:cooked_catfish":1,"epicfight:skillbook":7,"minecraft:cobblestone_stairs":30,"minecraft:stone_pickaxe":69,"minecraft:wooden_pickaxe":11,"minecraft:cracked_stone_bricks":3,"minecraft:golden_apple":1,"minecraft:crafting_table":6,"biomesoplenty:dead_planks":1,"minecraft:cake":1,"iceandfire:silver_pickaxe":584,"minecraft:diamond_pickaxe":1,"iceandfire:armor_copper_metal_chestplate":1,"minecraft:bread":25,"minecraft:melon_slice":50,"biomesoplenty:dried_salt":4,"biomesoplenty:palm_planks":28,"minecraft:cobblestone":119,"alexsmobs:animal_dictionary":1,"iceandfire:fire_lily":3,"epicfight:uchigatana":94},"minecraft:dropped":{"minecraft:wheat_seeds":2,"minecraft:cobblestone":59,"biomesoplenty:mahogany_planks":2,"minecraft:stick":6,"minecraft:dirt":3,"minecraft:wooden_sword":1,"samurai_dynasty:spirit_stone_base":1,"biomesoplenty:dried_salt":145,"endrem:rogue_eye":1,"minecraft:rotten_flesh":7,"samurai_dynasty:straw_hat":1,"minecraft:gunpowder":2,"minecraft:andesite":1,"minecraft:spider_eye":2,"epicfight:skillbook":1}},"DataVersion":3465}