{"stats":{"minecraft:used":{"epicfight:skillbook":3,"iceandfire:armor_sapphire_chestplate":1,"minecraft:rabbit":1,"minecraft:stone_pickaxe":86,"iceandfire:dragon_skull_ice":3,"minecraft:wooden_pickaxe":9,"wom:ruine":100,"minecraft:cooked_chicken":1,"minecraft:torch":16,"minecraft:golden_apple":1,"minecraft:dirt":24,"minecraft:crafting_table":6,"wom:agony":68,"minecraft:wooden_axe":28,"minecraft:bread":1,"epicfight:stone_greatsword":12,"minecraft:cooked_porkchop":7,"minecraft:furnace":3,"minecraft:porkchop":6},"minecraft:killed_by":{"minecraft:player":3,"iceandfire:ice_dragon":4},"minecraft:dropped":{"iceandfire:armor_sapphire_helmet":1,"minecraft:cooked_porkchop":2,"minecraft:feather":1,"minecraft:rotten_flesh":5,"iceandfire:frozen_stone":1,"minecraft:light_gray_carpet":3,"minecraft:dirt":8,"iceandfire:frost_lily":1,"alexsmobs:moose_ribs":2,"minecraft:spruce_sapling":2},"minecraft:custom":{"minecraft:interact_with_furnace":32,"minecraft:mob_kills":31,"minecraft:interact_with_crafting_table":10,"minecraft:leave_game":1,"minecraft:time_since_death":2753,"minecraft:time_since_rest":2799,"minecraft:sprint_one_cm":243740,"minecraft:damage_absorbed":40,"minecraft:damage_taken":3093,"minecraft:walk_one_cm":446412,"minecraft:drop":12,"minecraft:damage_dealt":7522,"minecraft:open_chest":5,"minecraft:swim_one_cm":20447,"minecraft:fly_one_cm":356052,"minecraft:player_kills":1,"minecraft:crouch_one_cm":2971,"minecraft:play_time":59292,"minecraft:deaths":8,"minecraft:sneak_time":928,"minecraft:walk_under_water_one_cm":1402,"minecraft:jump":1132,"minecraft:walk_on_water_one_cm":1580,"minecraft:total_world_time":59292,"minecraft:fall_one_cm":29306},"minecraft:mined":{"minecraft:light_gray_carpet":3,"minecraft:red_bed":1,"iceandfire:frozen_cobblestone":7,"iceandfire:dragon_ice_spikes":1,"minecraft:crafting_table":2,"iceandfire:frozen_stone":5,"minecraft:grass_block":14,"minecraft:spruce_leaves":12,"minecraft:sugar_cane":2,"minecraft:wall_torch":4,"minecraft:large_fern":1,"minecraft:furnace":3,"minecraft:redstone_torch":1,"minecraft:white_carpet":9,"minecraft:spruce_log":26,"minecraft:dirt":18,"minecraft:stone":86,"minecraft:fern":1},"minecraft:killed":{"minecraft:pig":8,"minecraft:rabbit":1,"minecraft:spider":1,"minecraft:creeper":1,"minecraft:skeleton":5,"minecraft:zombie":6,"minecraft:chicken":6,"alexsmobs:moose":2,"iceandfire:ice_dragon":1},"minecraft:crafted":{"iceandfire:armor_sapphire_helmet":1,"minecraft:cooked_porkchop":8,"minecraft:crafting_table":4,"minecraft:spruce_planks":56,"minecraft:wooden_pickaxe":1,"iceandfire:armor_sapphire_chestplate":1,"minecraft:cooked_chicken":1,"minecraft:furnace":1,"epicfight:stone_greatsword":1,"minecraft:air":0,"minecraft:charcoal":11,"iceandfire:armor_white_helmet":1,"minecraft:stick":12,"minecraft:stone_pickaxe":1,"minecraft:wooden_axe":1,"minecraft:torch":12},"minecraft:picked_up":{"minecraft:crafting_table":2,"minecraft:feather":6,"minecraft:chicken":7,"iceandfire:frozen_cobblestone":4,"wom:ruine":1,"minecraft:string":2,"minecraft:dirt":32,"minecraft:red_bed":1,"iceandfire:frozen_stone":3,"minecraft:white_carpet":9,"minecraft:bone":5,"minecraft:wheat_seeds":2,"iceandfire:frost_lily":1,"minecraft:redstone_torch":1,"minecraft:rabbit":1,"minecraft:sugar_cane":6,"iceandfire:ice_dragon_heart":2,"minecraft:furnace":3,"minecraft:stick":2,"iceandfire:dragonbone":47,"minecraft:cooked_porkchop":1,"minecraft:torch":4,"iceandfire:dragonscales_sapphire":13,"iceandfire:dragonscales_white":5,"epicfight:skillbook":1,"minecraft:porkchop":17,"minecraft:spruce_sapling":2,"minecraft:spruce_log":25,"minecraft:rabbit_foot":1,"iceandfire:dragon_skull_ice":6,"minecraft:arrow":5,"minecraft:rotten_flesh":5,"iceandfire:ice_dragon_flesh":5,"alexsmobs:moose_ribs":4,"minecraft:light_gray_carpet":3,"minecraft:black_wool":2,"minecraft:cobblestone":86}},"DataVersion":3465}