{"stats":{"minecraft:dropped":{"minecraft:rotten_flesh":5,"minecraft:spider_eye":2,"minecraft:wooden_sword":1},"minecraft:custom":{"minecraft:interact_with_furnace":10,"minecraft:mob_kills":29,"minecraft:interact_with_crafting_table":8,"minecraft:eat_cake_slice":3,"minecraft:time_since_death":13252,"minecraft:climb_one_cm":273,"minecraft:time_since_rest":13270,"minecraft:sprint_one_cm":189514,"minecraft:damage_taken":3391,"minecraft:walk_one_cm":213994,"minecraft:drop":3,"minecraft:damage_dealt":5831,"minecraft:swim_one_cm":24015,"minecraft:fly_one_cm":531154,"minecraft:open_chest":1,"minecraft:crouch_one_cm":1927,"minecraft:play_time":41854,"minecraft:deaths":9,"minecraft:sneak_time":494,"minecraft:walk_under_water_one_cm":4832,"minecraft:jump":1177,"minecraft:walk_on_water_one_cm":17117,"minecraft:total_world_time":41854,"minecraft:fall_one_cm":44360},"minecraft:used":{"biomesoplenty:black_sand":1,"biomesoplenty:mahogany_planks":11,"minecraft:stone_pickaxe":68,"minecraft:wooden_pickaxe":11,"minecraft:rotten_flesh":8,"minecraft:golden_apple":1,"minecraft:crafting_table":4,"minecraft:cake":1,"iceandfire:silver_pickaxe":1,"minecraft:wooden_axe":3,"minecraft:melon_slice":3,"epicfight:stone_greatsword":66,"minecraft:furnace":2,"alexsmobs:animal_dictionary":1,"iceandfire:fire_lily":2},"minecraft:killed":{"alexsmobs:anteater":1,"minecraft:spider":4,"samurai_dynasty:komainu":1,"minecraft:creeper":1,"eyesinthedarkness:eyes":1,"minecraft:skeleton":3,"alexsmobs:catfish":1,"minecraft:zombie":13,"alexsmobs:maned_wolf":1,"alexsmobs:gazelle":2,"samurai_dynasty:tanuki":1},"minecraft:picked_up":{"minecraft:crafting_table":3,"minecraft:andesite":1,"iceandfire:fire_lily":2,"biomesoplenty:dead_log":11,"minecraft:oak_log":4,"minecraft:gunpowder":1,"skilltree:gem":5,"alexsmobs:gazelle_horn":2,"minecraft:string":2,"minecraft:raw_copper":37,"minecraft:bone":5,"samurai_dynasty:cloth":1,"minecraft:wheat_seeds":2,"biomesoplenty:black_sand":1,"minecraft:melon_slice":50,"minecraft:sugar_cane":4,"biomesoplenty:mahogany_planks":1,"minecraft:spider_eye":2,"alexsmobs:raw_catfish":1,"biomesoplenty:mahogany_log":4,"minecraft:arrow":4,"minecraft:rotten_flesh":15,"samurai_dynasty:straw_hat":1,"alexsmobs:maggot":2,"minecraft:coal":23,"iceandfire:raw_silver":5,"minecraft:cobblestone":36},"minecraft:crafted":{"minecraft:wooden_sword":1,"biomesoplenty:dead_planks":44,"minecraft:oak_planks":16,"iceandfire:silver_ingot":5,"minecraft:crafting_table":2,"biomesoplenty:mahogany_planks":16,"minecraft:wooden_pickaxe":2,"minecraft:furnace":2,"epicfight:stone_greatsword":1,"minecraft:air":0,"minecraft:stick":16,"minecraft:wooden_axe":1,"minecraft:stone_pickaxe":2,"iceandfire:silver_pickaxe":1},"minecraft:mined":{"iceandfire:silver_ore":5,"minecraft:jungle_leaves":2,"biomesoplenty:black_sand":1,"minecraft:crafting_table":3,"biomesoplenty:dead_leaves":2,"biomesoplenty:mahogany_planks":1,"minecraft:poppy":1,"minecraft:melon":10,"minecraft:dead_bush":1,"iceandfire:fire_lily":2,"minecraft:copper_ore":12,"minecraft:sugar_cane":2,"biomesoplenty:mahogany_log":4,"minecraft:fire":6,"minecraft:andesite":2,"minecraft:coal_ore":23,"minecraft:grass":4,"minecraft:oak_log":4,"biomesoplenty:dead_log":11,"minecraft:azalea_leaves":1,"minecraft:stone":38,"minecraft:fern":8},"minecraft:killed_by":{"minecraft:skeleton":2,"minecraft:spider":2,"minecraft:zombie":2}},"DataVersion":3465}