{"stats":{"minecraft:dropped":{"samurai_dynasty:spirit_stone_base":1,"minecraft:wheat_seeds":2,"minecraft:rotten_flesh":7,"biomesoplenty:mahogany_planks":2,"minecraft:gunpowder":2,"minecraft:andesite":1,"minecraft:spider_eye":2,"minecraft:wooden_sword":1},"minecraft:custom":{"minecraft:interact_with_furnace":32,"minecraft:mob_kills":30,"minecraft:interact_with_crafting_table":15,"minecraft:eat_cake_slice":3,"minecraft:time_since_death":31252,"minecraft:climb_one_cm":273,"minecraft:time_since_rest":31270,"minecraft:sprint_one_cm":196956,"minecraft:damage_taken":3460,"minecraft:walk_one_cm":316202,"minecraft:drop":11,"minecraft:damage_dealt":5910,"minecraft:swim_one_cm":24015,"minecraft:fly_one_cm":539348,"minecraft:open_chest":1,"minecraft:crouch_one_cm":8044,"minecraft:play_time":59854,"minecraft:deaths":9,"minecraft:sneak_time":1707,"minecraft:walk_under_water_one_cm":4832,"minecraft:jump":1270,"minecraft:walk_on_water_one_cm":17117,"minecraft:total_world_time":59854,"minecraft:fall_one_cm":46284},"minecraft:used":{"biomesoplenty:black_sand":1,"samurai_dynasty:spirit_stone":20,"biomesoplenty:mahogany_planks":13,"minecraft:cobblestone_stairs":10,"minecraft:stone_pickaxe":69,"minecraft:wooden_pickaxe":11,"minecraft:rotten_flesh":8,"minecraft:torch":5,"minecraft:golden_apple":1,"minecraft:crafting_table":4,"minecraft:cake":1,"iceandfire:silver_pickaxe":277,"minecraft:wooden_axe":3,"iceandfire:armor_copper_metal_chestplate":1,"minecraft:melon_slice":10,"epicfight:stone_greatsword":68,"minecraft:cobblestone":118,"minecraft:furnace":2,"alexsmobs:animal_dictionary":1,"iceandfire:fire_lily":2},"minecraft:killed":{"alexsmobs:anteater":1,"minecraft:spider":4,"samurai_dynasty:komainu":1,"minecraft:creeper":1,"eyesinthedarkness:eyes":1,"minecraft:skeleton":3,"alexsmobs:catfish":1,"minecraft:zombie":13,"alexsmobs:maned_wolf":1,"alexsmobs:gazelle":2,"samurai_dynasty:tanuki":1,"minecraft:silverfish":1},"minecraft:picked_up":{"minecraft:crafting_table":3,"minecraft:andesite":1,"iceandfire:fire_lily":2,"biomesoplenty:dead_log":11,"minecraft:flint":4,"minecraft:oak_log":9,"minecraft:gunpowder":2,"skilltree:gem":12,"alexsmobs:gazelle_horn":2,"minecraft:string":2,"minecraft:raw_copper":60,"minecraft:bone":5,"samurai_dynasty:cloth":1,"minecraft:wheat_seeds":2,"biomesoplenty:black_sand":1,"samurai_dynasty:raw_silver":6,"minecraft:melon_slice":50,"minecraft:sugar_cane":4,"biomesoplenty:mahogany_planks":3,"minecraft:torch":3,"minecraft:gravel":1,"minecraft:spider_eye":2,"alexsmobs:raw_catfish":1,"biomesoplenty:mahogany_log":4,"minecraft:arrow":4,"minecraft:rotten_flesh":15,"samurai_dynasty:spirit_stone_base":22,"samurai_dynasty:straw_hat":1,"alexsmobs:maggot":2,"minecraft:coal":23,"iceandfire:raw_silver":13,"minecraft:cobblestone":253},"minecraft:crafted":{"minecraft:wooden_sword":1,"biomesoplenty:dead_planks":44,"minecraft:oak_planks":16,"iceandfire:silver_ingot":13,"minecraft:crafting_table":2,"biomesoplenty:mahogany_planks":16,"samurai_dynasty:silver_ingot":6,"minecraft:wooden_pickaxe":2,"minecraft:furnace":2,"iceandfire:armor_copper_metal_leggings":1,"minecraft:copper_ingot":49,"minecraft:cobblestone_stairs":40,"samurai_dynasty:spirit_stone":20,"epicfight:stone_greatsword":1,"minecraft:air":0,"minecraft:stick":20,"iceandfire:armor_copper_metal_chestplate":1,"minecraft:wooden_axe":1,"minecraft:stone_pickaxe":2,"alexsmobs:cooked_catfish":1,"iceandfire:armor_silver_metal_boots":1,"minecraft:torch":8,"iceandfire:silver_pickaxe":1},"minecraft:mined":{"samurai_dynasty:spirit_stone_base":22,"iceandfire:silver_ore":13,"minecraft:jungle_leaves":2,"biomesoplenty:black_sand":1,"minecraft:crafting_table":3,"biomesoplenty:dead_leaves":2,"biomesoplenty:mahogany_planks":1,"minecraft:poppy":1,"minecraft:melon":10,"minecraft:dead_bush":1,"iceandfire:fire_lily":2,"minecraft:copper_ore":18,"minecraft:cobblestone":7,"minecraft:sugar_cane":2,"minecraft:wall_torch":2,"biomesoplenty:mahogany_log":4,"minecraft:fire":6,"minecraft:andesite":2,"samurai_dynasty:silver_ore":6,"minecraft:coal_ore":23,"minecraft:grass":4,"minecraft:oak_log":9,"biomesoplenty:dead_log":11,"minecraft:gravel":15,"minecraft:azalea_leaves":1,"minecraft:stone":249,"minecraft:infested_stone":1,"minecraft:fern":8},"minecraft:killed_by":{"minecraft:skeleton":2,"minecraft:spider":2,"minecraft:zombie":2}},"DataVersion":3465}