{"stats":{"minecraft:used":{"minecraft:wooden_axe":28,"minecraft:rabbit":1,"minecraft:stone_pickaxe":80,"minecraft:wooden_pickaxe":9,"wom:ruine":53,"epicfight:stone_greatsword":1,"minecraft:cooked_chicken":1,"minecraft:torch":13,"minecraft:dirt":17,"minecraft:crafting_table":3,"minecraft:porkchop":5,"minecraft:furnace":3},"minecraft:dropped":{"iceandfire:frost_lily":1,"alexsmobs:moose_ribs":2},"minecraft:killed_by":{"minecraft:player":2,"iceandfire:ice_dragon":1},"minecraft:mined":{"minecraft:furnace":2,"minecraft:spruce_log":26,"minecraft:crafting_table":1,"minecraft:grass_block":14,"minecraft:dirt":18,"minecraft:spruce_leaves":8,"minecraft:stone":86,"minecraft:sugar_cane":1,"minecraft:wall_torch":4,"minecraft:fern":1},"minecraft:custom":{"minecraft:time_since_rest":669,"minecraft:sprint_one_cm":130914,"minecraft:interact_with_furnace":16,"minecraft:damage_taken":895,"minecraft:walk_one_cm":319474,"minecraft:mob_kills":14,"minecraft:drop":3,"minecraft:damage_dealt":2224,"minecraft:swim_one_cm":20447,"minecraft:interact_with_crafting_table":8,"minecraft:fly_one_cm":181151,"minecraft:crouch_one_cm":1714,"minecraft:play_time":35292,"minecraft:deaths":3,"minecraft:sneak_time":595,"minecraft:walk_under_water_one_cm":1402,"minecraft:jump":681,"minecraft:leave_game":1,"minecraft:walk_on_water_one_cm":1580,"minecraft:time_since_death":638,"minecraft:total_world_time":35292,"minecraft:fall_one_cm":14819},"minecraft:killed":{"minecraft:zombie":4,"minecraft:pig":7,"minecraft:chicken":1,"minecraft:rabbit":1,"minecraft:creeper":1},"minecraft:crafted":{"minecraft:charcoal":11,"minecraft:crafting_table":2,"minecraft:stick":12,"minecraft:spruce_planks":48,"minecraft:cooked_chicken":1,"minecraft:wooden_pickaxe":1,"minecraft:wooden_axe":1,"minecraft:stone_pickaxe":1,"minecraft:furnace":1,"epicfight:stone_greatsword":1,"minecraft:torch":12,"minecraft:air":0},"minecraft:picked_up":{"iceandfire:dragonbone":34,"minecraft:crafting_table":1,"minecraft:chicken":2,"minecraft:torch":4,"minecraft:porkchop":14,"minecraft:spruce_sapling":1,"wom:ruine":1,"minecraft:spruce_log":23,"minecraft:rabbit_foot":1,"minecraft:dirt":32,"iceandfire:dragon_skull_ice":1,"minecraft:rotten_flesh":2,"minecraft:wheat_seeds":2,"iceandfire:frost_lily":1,"alexsmobs:moose_ribs":2,"minecraft:rabbit":1,"minecraft:sugar_cane":3,"minecraft:cobblestone":86,"minecraft:furnace":2}},"DataVersion":3465}