{"stats":{"minecraft:custom":{"minecraft:time_since_rest":1297,"minecraft:play_time":5854,"minecraft:sprint_one_cm":31014,"minecraft:deaths":1,"minecraft:damage_taken":435,"minecraft:walk_one_cm":27276,"minecraft:sneak_time":1,"minecraft:walk_under_water_one_cm":676,"minecraft:jump":184,"minecraft:damage_dealt":229,"minecraft:time_since_death":1279,"minecraft:walk_on_water_one_cm":1913,"minecraft:total_world_time":5854,"minecraft:swim_one_cm":3226,"minecraft:interact_with_crafting_table":1,"minecraft:fall_one_cm":4147,"minecraft:fly_one_cm":115108},"minecraft:used":{"minecraft:wooden_axe":3,"minecraft:crafting_table":1,"alexsmobs:animal_dictionary":1},"minecraft:picked_up":{"minecraft:crafting_table":1,"biomesoplenty:dead_log":11,"minecraft:sugar_cane":4},"minecraft:crafted":{"biomesoplenty:dead_planks":44,"minecraft:crafting_table":1,"minecraft:stick":4,"minecraft:wooden_pickaxe":1,"minecraft:wooden_axe":1},"minecraft:mined":{"biomesoplenty:dead_leaves":2,"biomesoplenty:dead_log":11,"minecraft:sugar_cane":2,"minecraft:crafting_table":1},"minecraft:killed_by":{"minecraft:skeleton":1}},"DataVersion":3465}