{"stats":{"minecraft:used":{"minecraft:wooden_axe":28,"minecraft:stone_pickaxe":80,"minecraft:wooden_pickaxe":9,"wom:ruine":33,"epicfight:stone_greatsword":1,"minecraft:torch":13,"minecraft:dirt":7,"minecraft:crafting_table":3,"minecraft:furnace":3},"minecraft:killed_by":{"minecraft:player":1},"minecraft:mined":{"minecraft:furnace":2,"minecraft:spruce_log":26,"minecraft:crafting_table":1,"minecraft:grass_block":12,"minecraft:dirt":18,"minecraft:spruce_leaves":8,"minecraft:stone":86,"minecraft:sugar_cane":1,"minecraft:wall_torch":4,"minecraft:fern":1},"minecraft:custom":{"minecraft:time_since_rest":18427,"minecraft:sprint_one_cm":45121,"minecraft:interact_with_furnace":11,"minecraft:damage_taken":396,"minecraft:walk_one_cm":198794,"minecraft:mob_kills":6,"minecraft:damage_dealt":1334,"minecraft:interact_with_crafting_table":8,"minecraft:fly_one_cm":68029,"minecraft:crouch_one_cm":1107,"minecraft:play_time":23292,"minecraft:deaths":1,"minecraft:sneak_time":472,"minecraft:jump":330,"minecraft:leave_game":1,"minecraft:walk_on_water_one_cm":238,"minecraft:time_since_death":18402,"minecraft:total_world_time":23292,"minecraft:fall_one_cm":7452},"minecraft:killed":{"minecraft:zombie":4,"minecraft:chicken":1,"minecraft:creeper":1},"minecraft:crafted":{"minecraft:charcoal":11,"minecraft:crafting_table":2,"minecraft:stick":12,"minecraft:spruce_planks":48,"minecraft:wooden_pickaxe":1,"minecraft:wooden_axe":1,"minecraft:stone_pickaxe":1,"minecraft:furnace":1,"epicfight:stone_greatsword":1,"minecraft:torch":12,"minecraft:air":0},"minecraft:picked_up":{"iceandfire:dragonbone":34,"minecraft:crafting_table":1,"minecraft:chicken":1,"minecraft:torch":4,"wom:ruine":1,"minecraft:spruce_log":23,"minecraft:dirt":30,"iceandfire:dragon_skull_ice":1,"minecraft:rotten_flesh":2,"minecraft:wheat_seeds":1,"minecraft:sugar_cane":3,"minecraft:cobblestone":86,"minecraft:furnace":2}},"DataVersion":3465}