{"stats":{"minecraft:crafted":{"minecraft:wooden_sword":1,"biomesoplenty:dead_planks":44,"minecraft:oak_planks":36,"iceandfire:silver_ingot":13,"minecraft:crafting_table":2,"biomesoplenty:mahogany_planks":16,"samurai_dynasty:silver_ingot":6,"minecraft:wooden_pickaxe":2,"minecraft:furnace":2,"iceandfire:armor_copper_metal_leggings":1,"minecraft:copper_ingot":60,"samurai_dynasty:spirit_stone":72,"minecraft:cobblestone_stairs":40,"epicfight:stone_greatsword":1,"minecraft:air":0,"minecraft:stick":20,"minecraft:iron_ingot":1,"iceandfire:armor_copper_metal_chestplate":1,"minecraft:stone_pickaxe":2,"minecraft:wooden_axe":1,"minecraft:chest":2,"iceandfire:armor_silver_metal_boots":1,"alexsmobs:cooked_catfish":1,"minecraft:torch":8,"iceandfire:silver_pickaxe":3,"biomesoplenty:palm_planks":28},"minecraft:mined":{"samurai_dynasty:spirit_stone_base":73,"iceandfire:silver_ore":13,"minecraft:cobblestone_stairs":1,"minecraft:jungle_leaves":2,"biomesoplenty:black_sand":1,"minecraft:crafting_table":3,"minecraft:torch":2,"biomesoplenty:dead_leaves":2,"minecraft:poppy":1,"minecraft:grass_block":1,"minecraft:melon":10,"biomesoplenty:mahogany_planks":1,"minecraft:dead_bush":1,"iceandfire:fire_lily":3,"minecraft:copper_ore":18,"minecraft:cobblestone":8,"minecraft:sugar_cane":2,"minecraft:diorite":3,"biomesoplenty:dune_grass":1,"minecraft:wall_torch":3,"biomesoplenty:palm_log":7,"biomesoplenty:mahogany_log":4,"minecraft:fire":6,"minecraft:andesite":2,"samurai_dynasty:silver_ore":6,"minecraft:grass":4,"biomesoplenty:dead_log":11,"minecraft:oak_log":9,"minecraft:coal_ore":43,"minecraft:gravel":15,"minecraft:dirt":1,"minecraft:azalea_leaves":1,"minecraft:stone":274,"minecraft:fern":8,"minecraft:infested_stone":1},"minecraft:picked_up":{"minecraft:crafting_table":3,"minecraft:andesite":1,"iceandfire:fire_lily":3,"biomesoplenty:dead_log":11,"minecraft:flint":4,"minecraft:oak_log":9,"minecraft:gunpowder":4,"minecraft:cobblestone_stairs":1,"alexsmobs:gazelle_horn":2,"skilltree:gem":15,"minecraft:dirt":2,"minecraft:string":2,"minecraft:raw_copper":60,"minecraft:bone":5,"samurai_dynasty:cloth":1,"minecraft:wheat_seeds":2,"biomesoplenty:black_sand":1,"samurai_dynasty:raw_silver":6,"minecraft:melon_slice":50,"minecraft:sugar_cane":4,"biomesoplenty:mahogany_planks":3,"minecraft:torch":7,"minecraft:gravel":1,"minecraft:diorite":3,"minecraft:spider_eye":2,"biomesoplenty:mahogany_log":4,"alexsmobs:raw_catfish":1,"minecraft:arrow":4,"minecraft:rotten_flesh":16,"samurai_dynasty:spirit_stone_base":73,"biomesoplenty:palm_log":7,"samurai_dynasty:straw_hat":1,"alexsmobs:maggot":2,"minecraft:coal":43,"iceandfire:raw_silver":13,"minecraft:cobblestone":335},"minecraft:custom":{"minecraft:interact_with_furnace":35,"minecraft:mob_kills":36,"minecraft:interact_with_crafting_table":19,"minecraft:eat_cake_slice":3,"minecraft:leave_game":1,"minecraft:time_since_death":45894,"minecraft:climb_one_cm":651,"minecraft:time_since_rest":45912,"minecraft:sprint_one_cm":251486,"minecraft:damage_taken":3572,"minecraft:walk_one_cm":395651,"minecraft:drop":12,"minecraft:damage_dealt":7110,"minecraft:play_time":74496,"minecraft:swim_one_cm":30947,"minecraft:fly_one_cm":640517,"minecraft:crouch_one_cm":8175,"minecraft:open_chest":10,"minecraft:deaths":9,"minecraft:sneak_time":1735,"minecraft:walk_under_water_one_cm":7241,"minecraft:jump":1520,"minecraft:walk_on_water_one_cm":20100,"minecraft:total_world_time":74496,"minecraft:fall_one_cm":57804},"minecraft:killed":{"minecraft:husk":2,"alexsmobs:anteater":1,"minecraft:spider":4,"samurai_dynasty:komainu":1,"minecraft:creeper":3,"eyesinthedarkness:eyes":1,"minecraft:skeleton":3,"alexsmobs:catfish":1,"minecraft:zombie":15,"alexsmobs:maned_wolf":1,"alexsmobs:gazelle":2,"samurai_dynasty:tanuki":1,"minecraft:silverfish":1},"minecraft:dropped":{"samurai_dynasty:spirit_stone_base":1,"minecraft:wheat_seeds":2,"minecraft:cobblestone":56,"minecraft:rotten_flesh":7,"biomesoplenty:mahogany_planks":2,"minecraft:gunpowder":2,"minecraft:andesite":1,"minecraft:wooden_sword":1,"minecraft:spider_eye":2},"minecraft:used":{"biomesoplenty:black_sand":1,"samurai_dynasty:spirit_stone":39,"biomesoplenty:mahogany_planks":13,"epicfight:skillbook":6,"alexsmobs:cooked_catfish":1,"minecraft:cobblestone_stairs":30,"minecraft:stone_pickaxe":69,"minecraft:chest":2,"minecraft:wooden_pickaxe":11,"minecraft:rotten_flesh":9,"minecraft:torch":9,"minecraft:golden_apple":1,"minecraft:dirt":2,"minecraft:crafting_table":4,"minecraft:cake":1,"iceandfire:silver_pickaxe":378,"minecraft:wooden_axe":3,"iceandfire:armor_copper_metal_chestplate":1,"minecraft:melon_slice":20,"biomesoplenty:palm_planks":13,"epicfight:stone_greatsword":80,"minecraft:cobblestone":119,"minecraft:furnace":2,"alexsmobs:animal_dictionary":1,"iceandfire:fire_lily":2},"minecraft:killed_by":{"minecraft:skeleton":2,"minecraft:spider":2,"minecraft:zombie":2}},"DataVersion":3465}