{"stats":{"minecraft:crafted":{"minecraft:wooden_sword":1,"biomesoplenty:dead_planks":44,"minecraft:oak_planks":36,"iceandfire:silver_ingot":13,"minecraft:crafting_table":2,"biomesoplenty:mahogany_planks":16,"samurai_dynasty:silver_ingot":6,"minecraft:wooden_pickaxe":2,"minecraft:furnace":2,"iceandfire:armor_copper_metal_leggings":1,"minecraft:copper_ingot":60,"samurai_dynasty:spirit_stone":72,"minecraft:cobblestone_stairs":40,"epicfight:stone_greatsword":1,"minecraft:air":0,"minecraft:stick":20,"minecraft:iron_ingot":1,"iceandfire:armor_copper_metal_chestplate":1,"minecraft:stone_pickaxe":2,"minecraft:wooden_axe":1,"minecraft:chest":2,"iceandfire:armor_silver_metal_boots":1,"alexsmobs:cooked_catfish":1,"minecraft:torch":8,"iceandfire:silver_pickaxe":3,"biomesoplenty:palm_planks":28},"minecraft:mined":{"samurai_dynasty:spirit_stone_base":73,"iceandfire:silver_ore":13,"minecraft:smoker":1,"minecraft:cobblestone_stairs":1,"biomesoplenty:desert_grass":1,"minecraft:jungle_leaves":2,"biomesoplenty:black_sand":1,"minecraft:crafting_table":3,"minecraft:torch":2,"biomesoplenty:bush":1,"biomesoplenty:dead_leaves":2,"minecraft:poppy":1,"minecraft:grass_block":3,"minecraft:melon":10,"biomesoplenty:mahogany_planks":1,"minecraft:dead_bush":1,"iceandfire:fire_lily":3,"minecraft:copper_ore":18,"minecraft:cobblestone":8,"minecraft:sugar_cane":2,"minecraft:diorite":3,"biomesoplenty:dune_grass":1,"minecraft:wall_torch":3,"biomesoplenty:palm_log":7,"minecraft:hay_block":18,"biomesoplenty:mahogany_log":4,"minecraft:fire":6,"minecraft:andesite":2,"samurai_dynasty:silver_ore":6,"minecraft:grass":6,"biomesoplenty:dead_log":11,"minecraft:oak_log":9,"minecraft:coal_ore":43,"minecraft:gravel":15,"minecraft:dirt":2,"minecraft:azalea_leaves":1,"minecraft:stone":277,"minecraft:bone_block":41,"minecraft:green_bed":1,"minecraft:fern":8,"minecraft:infested_stone":1},"minecraft:picked_up":{"minecraft:crafting_table":3,"minecraft:andesite":1,"iceandfire:fire_lily":3,"minecraft:smoker":1,"biomesoplenty:dead_log":11,"minecraft:flint":4,"minecraft:oak_log":9,"minecraft:gunpowder":4,"minecraft:cobblestone_stairs":1,"alexsmobs:gazelle_horn":2,"skilltree:gem":15,"minecraft:dirt":5,"minecraft:string":2,"minecraft:raw_copper":60,"minecraft:bone":5,"samurai_dynasty:cloth":1,"minecraft:wheat_seeds":2,"biomesoplenty:black_sand":1,"samurai_dynasty:raw_silver":6,"minecraft:melon_slice":50,"minecraft:sugar_cane":4,"biomesoplenty:mahogany_planks":3,"minecraft:stick":4,"minecraft:torch":7,"minecraft:green_bed":1,"minecraft:gravel":1,"iceandfire:myrmex_stinger":1,"minecraft:diorite":3,"minecraft:spider_eye":2,"biomesoplenty:mahogany_log":4,"alexsmobs:raw_catfish":1,"minecraft:arrow":6,"minecraft:rotten_flesh":17,"samurai_dynasty:spirit_stone_base":73,"biomesoplenty:palm_log":7,"minecraft:hay_block":18,"samurai_dynasty:straw_hat":2,"alexsmobs:maggot":2,"minecraft:bone_block":40,"minecraft:coal":43,"iceandfire:raw_silver":13,"minecraft:cobblestone":338},"minecraft:custom":{"minecraft:interact_with_furnace":35,"minecraft:mob_kills":43,"minecraft:interact_with_crafting_table":19,"minecraft:eat_cake_slice":3,"minecraft:leave_game":1,"minecraft:time_since_death":57894,"minecraft:climb_one_cm":849,"minecraft:time_since_rest":57912,"minecraft:sprint_one_cm":321512,"minecraft:damage_taken":3857,"minecraft:walk_one_cm":470712,"minecraft:drop":12,"minecraft:damage_dealt":8390,"minecraft:talked_to_villager":1,"minecraft:play_time":86496,"minecraft:swim_one_cm":35448,"minecraft:fly_one_cm":829446,"minecraft:crouch_one_cm":8342,"minecraft:open_chest":12,"minecraft:deaths":9,"minecraft:sneak_time":1795,"minecraft:walk_under_water_one_cm":10845,"minecraft:jump":1829,"minecraft:walk_on_water_one_cm":24922,"minecraft:interact_with_smoker":1,"minecraft:total_world_time":86496,"minecraft:fall_one_cm":83329},"minecraft:killed":{"minecraft:husk":2,"alexsmobs:anteater":1,"minecraft:spider":7,"samurai_dynasty:komainu":1,"minecraft:creeper":3,"eyesinthedarkness:eyes":1,"minecraft:skeleton":5,"alexsmobs:catfish":1,"minecraft:zombie":16,"alexsmobs:maned_wolf":1,"alexsmobs:gazelle":2,"samurai_dynasty:tanuki":2,"minecraft:silverfish":1},"minecraft:dropped":{"samurai_dynasty:spirit_stone_base":1,"minecraft:wheat_seeds":2,"minecraft:cobblestone":56,"minecraft:rotten_flesh":7,"biomesoplenty:mahogany_planks":2,"minecraft:gunpowder":2,"minecraft:andesite":1,"minecraft:wooden_sword":1,"minecraft:spider_eye":2},"minecraft:used":{"biomesoplenty:black_sand":1,"samurai_dynasty:spirit_stone":39,"biomesoplenty:mahogany_planks":13,"epicfight:skillbook":6,"alexsmobs:cooked_catfish":1,"minecraft:cobblestone_stairs":30,"minecraft:stone_pickaxe":69,"minecraft:chest":2,"minecraft:wooden_pickaxe":11,"minecraft:rotten_flesh":9,"minecraft:torch":9,"minecraft:golden_apple":1,"minecraft:dirt":2,"minecraft:crafting_table":4,"minecraft:cake":1,"iceandfire:silver_pickaxe":428,"minecraft:wooden_axe":3,"iceandfire:armor_copper_metal_chestplate":1,"minecraft:melon_slice":37,"biomesoplenty:palm_planks":22,"epicfight:stone_greatsword":84,"minecraft:cobblestone":119,"minecraft:hay_block":1,"minecraft:furnace":2,"alexsmobs:animal_dictionary":1,"iceandfire:fire_lily":3,"epicfight:uchigatana":14},"minecraft:killed_by":{"minecraft:skeleton":2,"minecraft:spider":2,"minecraft:zombie":2}},"DataVersion":3465}