{
  "minecraft:recipes/decorations/ladder": {
    "criteria": {
      "has_stick": "2024-09-30 20:26:54 +0000"
    },
    "done": true
  },
  "biomesoplenty:recipes/redstone/dead_button": {
    "criteria": {
      "has_planks": "2024-09-30 20:26:39 +0000"
    },
    "done": true
  },
  "biomesoplenty:recipes/transportation/willow_boat": {
    "criteria": {
      "in_water": "2024-09-30 20:24:28 +0000"
    },
    "done": true
  },
  "alexsmobs:alexsmobs/root": {
    "criteria": {
      "useitem": "2024-09-30 20:26:46 +0000"
    },
    "done": true
  },
  "minecraft:recipes/tools/wooden_axe": {
    "criteria": {
      "has_stick": "2024-09-30 20:26:54 +0000"
    },
    "done": true
  },
  "minecraft:recipes/decorations/crafting_table": {
    "criteria": {
      "unlock_right_away": "2024-09-30 20:23:40 +0000"
    },
    "done": true
  },
  "minecraft:recipes/misc/stick": {
    "criteria": {
      "has_planks": "2024-09-30 20:26:39 +0000"
    },
    "done": true
  },
  "biomesoplenty:recipes/transportation/fir_boat": {
    "criteria": {
      "in_water": "2024-09-30 20:24:28 +0000"
    },
    "done": true
  },
  "biomesoplenty:biomesoplenty/all_biomes": {
    "criteria": {
      "wasteland": "2024-09-30 20:25:15 +0000"
    },
    "done": false
  },
  "minecraft:recipes/transportation/cherry_boat": {
    "criteria": {
      "in_water": "2024-09-30 20:24:28 +0000"
    },
    "done": true
  },
  "biomesoplenty:recipes/redstone/dead_pressure_plate": {
    "criteria": {
      "has_planks": "2024-09-30 20:26:39 +0000"
    },
    "done": true
  },
  "biomesoplenty:recipes/transportation/umbran_boat": {
    "criteria": {
      "in_water": "2024-09-30 20:24:28 +0000"
    },
    "done": true
  },
  "mowziesmobs:root": {
    "criteria": {
      "custom_test_name": "2024-09-30 20:23:40 +0000"
    },
    "done": true
  },
  "iceandfire:recipes/misc/earplugs": {
    "criteria": {
      "has_item": "2024-09-30 20:26:39 +0000"
    },
    "done": true
  },
  "minecraft:recipes/transportation/bamboo_raft": {
    "criteria": {
      "in_water": "2024-09-30 20:24:28 +0000"
    },
    "done": true
  },
  "biomesoplenty:recipes/transportation/dead_boat": {
    "criteria": {
      "in_water": "2024-09-30 20:24:28 +0000"
    },
    "done": true
  },
  "minecraft:recipes/transportation/spruce_boat": {
    "criteria": {
      "in_water": "2024-09-30 20:24:28 +0000"
    },
    "done": true
  },
  "biomesoplenty:recipes/transportation/magic_boat": {
    "criteria": {
      "in_water": "2024-09-30 20:24:28 +0000"
    },
    "done": true
  },
  "minecraft:husbandry/root": {
    "criteria": {
      "consumed_item": "2024-09-30 20:26:46 +0000"
    },
    "done": true
  },
  "minecraft:recipes/transportation/birch_boat": {
    "criteria": {
      "in_water": "2024-09-30 20:24:28 +0000"
    },
    "done": true
  },
  "minecraft:recipes/transportation/oak_boat": {
    "criteria": {
      "in_water": "2024-09-30 20:24:28 +0000"
    },
    "done": true
  },
  "minecraft:recipes/misc/paper": {
    "criteria": {
      "has_reeds": "2024-09-30 20:24:51 +0000"
    },
    "done": true
  },
  "biomesoplenty:recipes/transportation/redwood_boat": {
    "criteria": {
      "in_water": "2024-09-30 20:24:28 +0000"
    },
    "done": true
  },
  "biomesoplenty:recipes/decorations/dead_fence": {
    "criteria": {
      "has_planks": "2024-09-30 20:26:39 +0000"
    },
    "done": true
  },
  "iceandfire:iceandfire/root": {
    "criteria": {
      "tick": "2024-09-30 20:23:40 +0000"
    },
    "done": true
  },
  "minecraft:recipes/transportation/mangrove_boat": {
    "criteria": {
      "in_water": "2024-09-30 20:24:28 +0000"
    },
    "done": true
  },
  "biomesoplenty:recipes/building_blocks/dead_stairs": {
    "criteria": {
      "has_planks": "2024-09-30 20:26:39 +0000"
    },
    "done": true
  },
  "biomesoplenty:recipes/transportation/hellbark_boat": {
    "criteria": {
      "in_water": "2024-09-30 20:24:28 +0000"
    },
    "done": true
  },
  "biomesoplenty:recipes/transportation/jacaranda_boat": {
    "criteria": {
      "in_water": "2024-09-30 20:24:28 +0000"
    },
    "done": true
  },
  "minecraft:recipes/decorations/campfire": {
    "criteria": {
      "has_stick": "2024-09-30 20:26:54 +0000"
    },
    "done": true
  },
  "biomesoplenty:recipes/transportation/mahogany_boat": {
    "criteria": {
      "in_water": "2024-09-30 20:24:28 +0000"
    },
    "done": true
  },
  "minecraft:recipes/misc/sugar_from_sugar_cane": {
    "criteria": {
      "has_sugar_cane": "2024-09-30 20:24:51 +0000"
    },
    "done": true
  },
  "minecraft:recipes/tools/wooden_hoe": {
    "criteria": {
      "has_stick": "2024-09-30 20:26:54 +0000"
    },
    "done": true
  },
  "minecraft:recipes/misc/charcoal": {
    "criteria": {
      "has_log": "2024-09-30 20:25:37 +0000"
    },
    "done": true
  },
  "minecraft:recipes/tools/wooden_pickaxe": {
    "criteria": {
      "has_stick": "2024-09-30 20:26:54 +0000"
    },
    "done": true
  },
  "biomesoplenty:recipes/decorations/dead_sign": {
    "criteria": {
      "has_dead_planks": "2024-09-30 20:26:39 +0000"
    },
    "done": true
  },
  "biomesoplenty:recipes/transportation/palm_boat": {
    "criteria": {
      "in_water": "2024-09-30 20:24:28 +0000"
    },
    "done": true
  },
  "biomesoplenty:recipes/building_blocks/dead_planks": {
    "criteria": {
      "has_logs": "2024-09-30 20:25:37 +0000"
    },
    "done": true
  },
  "biomesoplenty:biomesoplenty/root": {
    "criteria": {
      "wasteland": "2024-09-30 20:25:15 +0000"
    },
    "done": true
  },
  "biomesoplenty:recipes/building_blocks/dead_wood": {
    "criteria": {
      "has_log": "2024-09-30 20:25:37 +0000"
    },
    "done": true
  },
  "minecraft:recipes/tools/wooden_shovel": {
    "criteria": {
      "has_stick": "2024-09-30 20:26:54 +0000"
    },
    "done": true
  },
  "minecraft:recipes/transportation/acacia_boat": {
    "criteria": {
      "in_water": "2024-09-30 20:24:28 +0000"
    },
    "done": true
  },
  "minecraft:adventure/root": {
    "criteria": {
      "killed_by_something": "2024-09-30 20:27:31 +0000"
    },
    "done": true
  },
  "biomesoplenty:recipes/redstone/dead_door": {
    "criteria": {
      "has_planks": "2024-09-30 20:26:39 +0000"
    },
    "done": true
  },
  "biomesoplenty:recipes/redstone/dead_fence_gate": {
    "criteria": {
      "has_planks": "2024-09-30 20:26:39 +0000"
    },
    "done": true
  },
  "minecraft:recipes/combat/wooden_sword": {
    "criteria": {
      "has_stick": "2024-09-30 20:26:54 +0000"
    },
    "done": true
  },
  "biomesoplenty:recipes/building_blocks/dead_slab": {
    "criteria": {
      "has_planks": "2024-09-30 20:26:39 +0000"
    },
    "done": true
  },
  "minecraft:adventure/adventuring_time": {
    "criteria": {
      "minecraft:wooded_badlands": "2024-09-30 20:24:06 +0000",
      "minecraft:badlands": "2024-09-30 20:23:40 +0000",
      "minecraft:river": "2024-09-30 20:24:28 +0000",
      "minecraft:desert": "2024-09-30 20:24:18 +0000"
    },
    "done": false
  },
  "minecraft:recipes/decorations/barrel": {
    "criteria": {
      "has_planks": "2024-09-30 20:26:39 +0000"
    },
    "done": true
  },
  "biomesoplenty:recipes/redstone/dead_trapdoor": {
    "criteria": {
      "has_planks": "2024-09-30 20:26:39 +0000"
    },
    "done": true
  },
  "minecraft:story/root": {
    "criteria": {
      "crafting_table": "2024-09-30 20:26:44 +0000"
    },
    "done": true
  },
  "minecraft:recipes/transportation/jungle_boat": {
    "criteria": {
      "in_water": "2024-09-30 20:24:28 +0000"
    },
    "done": true
  },
  "minecraft:recipes/transportation/dark_oak_boat": {
    "criteria": {
      "in_water": "2024-09-30 20:24:28 +0000"
    },
    "done": true
  },
  "DataVersion": 3465
}